solid OpenSCAD_Model
  facet normal 0 0 -1
    outer loop
      vertex 1.8159163713455229 2.924853727221489 0
      vertex 1.348243099451068 3.5554381385445595 0
      vertex 2.3431457474827795 2.343145750463009 0
    endloop
  endfacet
  facet normal -0.7409511264917886 -0.6715589535927202 0
    outer loop
      vertex 1.8159163713455229 2.924853727221489 0
      vertex 2.3431457474827795 2.343145750463009 0
      vertex 2.3431457474827795 2.343145750463009 2
    endloop
  endfacet
  facet normal -0.7409511264917886 -0.6715589535927202 0
    outer loop
      vertex 1.8159163713455229 2.924853727221489 0
      vertex 2.3431457474827795 2.343145750463009 2
      vertex 1.8159163713455229 2.924853727221489 2
    endloop
  endfacet
  facet normal -0.8577286087049235 -0.5141027463543804 0
    outer loop
      vertex 0.944629882276061 4.228826105594635 0
      vertex 1.348243099451068 3.5554381385445595 0
      vertex 0.944629882276061 4.228826105594635 2
    endloop
  endfacet
  facet normal 0 0 -1
    outer loop
      vertex 0.944629882276061 4.228826105594635 0
      vertex 0.6089637398719816 4.938532538712025 0
      vertex 1.348243099451068 3.5554381385445595 0
    endloop
  endfacet
  facet normal -0.9039892939524539 -0.4275550916774867 0
    outer loop
      vertex 0.944629882276061 4.228826105594635 0
      vertex 0.944629882276061 4.228826105594635 2
      vertex 0.6089637398719816 4.938532538712025 0
    endloop
  endfacet
  facet normal 0 0 -1
    outer loop
      vertex 2.3431457474827795 2.343145750463009 0
      vertex 0.6089637398719816 4.938532538712025 0
      vertex -2.9802293965985882e-9 8 0
    endloop
  endfacet
  facet normal -0.9039892939524539 -0.4275550916774867 0
    outer loop
      vertex 0.944629882276061 4.228826105594635 2
      vertex 0.6089637398719816 4.938532538712025 2
      vertex 0.6089637398719816 4.938532538712025 0
    endloop
  endfacet
  facet normal -0.8032075322326659 -0.5956993034784503 0
    outer loop
      vertex 1.8159163713455229 2.924853727221489 0
      vertex 1.348243099451068 3.5554381385445595 2
      vertex 1.348243099451068 3.5554381385445595 0
    endloop
  endfacet
  facet normal 0 0 -1
    outer loop
      vertex 1.348243099451068 3.5554381385445595 0
      vertex 0.6089637398719816 4.938532538712025 0
      vertex 2.3431457474827795 2.343145750463009 0
    endloop
  endfacet
  facet normal -0.8032075322326659 -0.5956993034784503 0
    outer loop
      vertex 1.8159163713455229 2.924853727221489 0
      vertex 1.8159163713455229 2.924853727221489 2
      vertex 1.348243099451068 3.5554381385445595 2
    endloop
  endfacet
  facet normal -0.8577286087049235 -0.5141027463543804 0
    outer loop
      vertex 1.348243099451068 3.5554381385445595 0
      vertex 1.348243099451068 3.5554381385445595 2
      vertex 0.944629882276061 4.228826105594635 2
    endloop
  endfacet
  facet normal -0.6715589535927202 -0.7409511264917886 -1.5987088434379358e-17
    outer loop
      vertex 2.3431457474827795 2.343145750463009 0
      vertex 2.9 1.838442476854766 0
      vertex 2.9 1.838442476854766 2
    endloop
  endfacet
  facet normal -0.6715589535927202 -0.7409511264917886 0
    outer loop
      vertex 2.3431457474827795 2.343145750463009 0
      vertex 2.9 1.838442476854766 2
      vertex 2.3431457474827795 2.343145750463009 2
    endloop
  endfacet
  facet normal -0.6707690604951916 -0.7400796137566954 0.04848744975907467
    outer loop
      vertex 2.3431457474827795 2.343145750463009 2
      vertex 2.9 1.838442476854766 2
      vertex 2.9 1.8851695343795534 2.7132101782370874
    endloop
  endfacet
  facet normal 0 0 -1
    outer loop
      vertex 0.3444773077964811 5.677722580730915 0
      vertex 0.1537177532911329 6.439277425408363 0
      vertex 0.6089637398719816 4.938532538712025 0
    endloop
  endfacet
  facet normal -0.9415440627982694 -0.3368898600571533 0
    outer loop
      vertex 0.3444773077964811 5.677722580730915 0
      vertex 0.6089637398719816 4.938532538712025 0
      vertex 0.3444773077964811 5.677722580730915 2
    endloop
  endfacet
  facet normal -0.9700312542623906 -0.24298017564018182 0
    outer loop
      vertex 0.3444773077964811 5.677722580730915 0
      vertex 0.3444773077964811 5.677722580730915 2
      vertex 0.1537177532911329 6.439277425408363 0
    endloop
  endfacet
  facet normal -0.9415440627982694 -0.3368898600571533 0
    outer loop
      vertex 0.6089637398719816 4.938532538712025 0
      vertex 0.6089637398719816 4.938532538712025 2
      vertex 0.3444773077964811 5.677722580730915 2
    endloop
  endfacet
  facet normal -0.9700312542623906 -0.24298017564018182 0
    outer loop
      vertex 0.1537177532911329 6.439277425408363 0
      vertex 0.3444773077964811 5.677722580730915 2
      vertex 0.1537177532911329 6.439277425408363 2
    endloop
  endfacet
  facet normal 0 0 -1
    outer loop
      vertex 0.6089637398719816 4.938532538712025 0
      vertex 0.1537177532911329 6.439277425408363 0
      vertex -2.9802293965985882e-9 8 0
    endloop
  endfacet
  facet normal 0 0 -1
    outer loop
      vertex 0.1537177532911329 6.439277425408363 0
      vertex 0.03852218091488169 7.21586287766695 0
      vertex -2.9802293965985882e-9 8 0
    endloop
  endfacet
  facet normal -0.989176509519683 -0.14673047745596915 0
    outer loop
      vertex 0.1537177532911329 6.439277425408363 0
      vertex 0.03852218091488169 7.21586287766695 2
      vertex 0.03852218091488169 7.21586287766695 0
    endloop
  endfacet
  facet normal -0.989176509519683 -0.14673047745596915 0
    outer loop
      vertex 0.1537177532911329 6.439277425408363 0
      vertex 0.1537177532911329 6.439277425408363 2
      vertex 0.03852218091488169 7.21586287766695 2
    endloop
  endfacet
  facet normal -0.9987954563744936 -0.04906767088080504 0
    outer loop
      vertex 0.03852218091488169 7.21586287766695 0
      vertex -2.9802293965985882e-9 8 2
      vertex -2.9802293965985882e-9 8 0
    endloop
  endfacet
  facet normal -0.9987954563744936 -0.04906767088080504 0
    outer loop
      vertex 0.03852218091488169 7.21586287766695 0
      vertex 0.03852218091488169 7.21586287766695 2
      vertex -2.9802293965985882e-9 8 2
    endloop
  endfacet
  facet normal -0.8574278867909616 -0.5139225005746689 0.02647795982067901
    outer loop
      vertex 0.944629882276061 4.228826105594635 2
      vertex 1.348243099451068 3.5554381385445595 2
      vertex 0.5903936743736296 6.953313363615374 43.40965953135502
    endloop
  endfacet
  facet normal -0.740334329670235 -0.670999921541547 0.04079443102877409
    outer loop
      vertex 1.8159163713455229 2.924853727221489 2
      vertex 2.3431457474827795 2.343145750463009 2
      vertex 1.1349477291107206 6.214688164928326 43.75408611800905
    endloop
  endfacet
  facet normal -0.6707690604951915 -0.7400796137566953 0.04848744975907465
    outer loop
      vertex 2.3431457474827795 2.343145750463009 2
      vertex 2.9 1.8851695343795534 2.7132101782370874
      vertex 1.4644660919904737 5.885184120885796 43.90773637713912
    endloop
  endfacet
  facet normal -0.8027587510476326 -0.595366464668292 0.03342394897112695
    outer loop
      vertex 1.8159163713455229 2.924853727221489 2
      vertex 0.8426519379019766 6.571877888874894 43.5875258143185
      vertex 1.348243099451068 3.5554381385445595 2
    endloop
  endfacet
  facet normal -0.6455999941456776 -0.7619381440101394 0.05148701060933004
    outer loop
      vertex 1.4644660919904737 5.885184120885796 43.90773637713912
      vertex 2.9 1.8851695343795534 2.7132101782370874
      vertex 2.9 1.901357927225817 2.952776504846732
    endloop
  endfacet
  facet normal -0.941448493361884 -0.3368556647652686 0.014247647601886826
    outer loop
      vertex 0.3444773077964811 5.677722580730915 2
      vertex 0.6089637398719816 4.938532538712025 2
      vertex 0.21529832184315012 7.774029714913796 43.02695321157154
    endloop
  endfacet
  facet normal -0.9038074836000143 -0.4274691017853217 0.020054914795629902
    outer loop
      vertex 0.944629882276061 4.228826105594635 2
      vertex 0.38060233443975733 7.355321157925253 43.22220021823033
      vertex 0.6089637398719816 4.938532538712025 2
    endloop
  endfacet
  facet normal -0.9699907235989709 -0.2429700232376966 0.0091413314029177
    outer loop
      vertex 0.3444773077964811 5.677722580730915 2
      vertex 0.09607359468937204 8.205406639435132 42.82579884811589
      vertex 0.1537177532911329 6.439277425408363 2
    endloop
  endfacet
  facet normal -1 0 0
    outer loop
      vertex -2.9802293965985882e-9 8 0
      vertex -2.9802293965985882e-9 8 2
      vertex -2.9802293965985882e-9 9.089466030345942 42.413555183870336
    endloop
  endfacet
  facet normal -0.9891650590585366 -0.14672877894047173 0.004811586885840603
    outer loop
      vertex 0.1537177532911329 6.439277425408363 2
      vertex 0.02407636195421503 8.645297545331292 42.62067434994377
      vertex 0.03852218091488169 7.21586287766695 2
    endloop
  endfacet
  facet normal -0.9987945825782921 -0.04906762795395334 0.0013227619694003278
    outer loop
      vertex 0.03852218091488169 7.21586287766695 2
      vertex -2.9802293965985882e-9 9.089466030345942 42.413555183870336
      vertex -2.9802293965985882e-9 8 2
    endloop
  endfacet
  facet normal -0.5947511120263638 -0.8019290440560525 0.05639967236384789
    outer loop
      vertex 1.8280335783958463 5.586539062636307 44.046996854871004
      vertex 2.9 1.901357927225817 2.952776504846732
      vertex 2.9 2.3564701084006776 9.423872188405431
    endloop
  endfacet
  facet normal -0.48931167266480596 -0.8695340285815822 0.06696760509868845
    outer loop
      vertex 2.2221488326787977 5.321629110945784 44.17052639406577
      vertex 3.8905159717504016 1.682557803721313 9.109621719808555
      vertex 3.9628839612036053 1.6403172854149553 9.089924642637865
    endloop
  endfacet
  facet normal -0.4264307550304681 -0.9016120838303299 0.0724738673955997
    outer loop
      vertex 2.6430163130164175 5.093005482365699 44.27713534290784
      vertex 3.9628839612036053 1.6403172854149553 9.089924642637865
      vertex 4.561013343220193 1.3464065018874836 8.95287179346467
    endloop
  endfacet
  facet normal -0.4054456836327324 -0.9110687168510206 0.07461629043996473
    outer loop
      vertex 2.6430163130164175 5.093005482365699 44.27713534290784
      vertex 4.561013343220193 1.3464065018874836 8.95287179346467
      vertex 4.6353000484885465 1.3120345994482812 8.936843912131915
    endloop
  endfacet
  facet normal -0.33579814314014517 -0.9384929184827618 0.08044034448794146
    outer loop
      vertex 3.0865828365087538 4.902869957330778 44.36579699431895
      vertex 4.6353000484885465 1.3120345994482812 8.936843912131915
      vertex 5.260098659727587 1.0791709155412108 8.828257793019858
    endloop
  endfacet
  facet normal -0.5695968383025884 -0.819787091586874 0.05923315172459678
    outer loop
      vertex 1.8280335783958463 5.586539062636307 44.046996854871004
      vertex 3.2556700332556745 2.083743035982287 9.296697465950539
      vertex 3.32548131640889 2.0335461389270204 9.27329026843805
    endloop
  endfacet
  facet normal -0.5130346094200064 -0.855946529902344 0.0644284679733825
    outer loop
      vertex 2.2221488326787977 5.321629110945784 44.17052639406577
      vertex 3.32548131640889 2.0335461389270204 9.27329026843805
      vertex 3.8905159717504016 1.682557803721313 9.109621719808555
    endloop
  endfacet
  facet normal -0.5947511120263639 -0.8019290440560526 0.05639967236384791
    outer loop
      vertex 1.8280335783958463 5.586539062636307 44.046996854871004
      vertex 2.9 2.3564701084006776 9.423872188405431
      vertex 3.2556700332556745 2.083743035982287 9.296697465950539
    endloop
  endfacet
  facet normal -0.31864064202203124 -0.9443119889339567 0.08211582555989108
    outer loop
      vertex 3.0865828365087538 4.902869957330778 44.36579699431895
      vertex 5.260098659727587 1.0791709155412108 8.828257793019858
      vertex 5.335747364452379 1.0525658385325916 8.815851641864935
    endloop
  endfacet
  facet normal -0.24203240392980205 -0.9662475374280812 0.08823838089023321
    outer loop
      vertex 3.5485766127705602 4.753053643486068 44.43565748878129
      vertex 5.335747364452379 1.0525658385325916 8.815851641864935
      vertex 5.98034112605924 0.8839220620171726 8.737211757375617
    endloop
  endfacet
  facet normal -0.1460558069434644 -0.9846282504653548 0.09578574864575587
    outer loop
      vertex 4.0245483860373525 4.64499934485928 44.48604403572753
      vertex 6.056864293433223 0.8649880560049797 8.728382685372578
      vertex 6.7140410535372546 0.7628728444834988 8.680765580225993
    endloop
  endfacet
  facet normal -0.2294902887308587 -0.9691953664761332 0.08941224177606169
    outer loop
      vertex 4.0245483860373525 4.64499934485928 44.48604403572753
      vertex 5.98034112605924 0.8839220620171726 8.737211757375617
      vertex 6.056864293433223 0.8649880560049797 8.728382685372578
    endloop
  endfacet
  facet normal -0.1385553316133965 -0.9856459746541133 0.09645948750457276
    outer loop
      vertex 4.509914298355582 4.5797476921863165 44.5164713810762
      vertex 6.7140410535372546 0.7628728444834988 8.680765580225993
      vertex 6.791003910401719 0.7515366080839044 8.675479406378209
    endloop
  endfacet
  facet normal -0.04880665408724962 -0.9934823371095898 0.10300852570576366
    outer loop
      vertex 4.509914298355582 4.5797476921863165 44.5164713810762
      vertex 6.791003910401719 0.7515366080839044 8.675479406378209
      vertex 7.453333028112802 0.7173453620936645 8.659535766531098
    endloop
  endfacet
  facet normal -0.04638105549517661 -0.9935768115675574 0.10321781438491948
    outer loop
      vertex 4.999999997019771 4.557927095162694 44.52664649257383
      vertex 7.453333028112802 0.7173453620936645 8.659535766531098
      vertex 7.530333927131202 0.7135679018745618 8.657774307902555
    endloop
  endfacet
  facet normal 0 0 -1
    outer loop
      vertex 2.3431457474827795 2.343145750463009 0
      vertex -2.9802293965985882e-9 66 0
      vertex 2.9 1.838442476854766 0
    endloop
  endfacet
  facet normal 0 0 -1
    outer loop
      vertex 2.3431457474827795 2.343145750463009 0
      vertex -2.9802293965985882e-9 8 0
      vertex -2.9802293965985882e-9 66 0
    endloop
  endfacet
  facet normal -1 0 0
    outer loop
      vertex -2.9802293965985882e-9 8 0
      vertex -2.9802293965985882e-9 10.90630778703665 41.5773817382593
      vertex -2.9802293965985882e-9 66 2
    endloop
  endfacet
  facet normal -2.710165234464577e-18 -0.9943054366414023 0.10656781252024684
    outer loop
      vertex 4.999999997019771 4.557927095162694 44.52664649257383
      vertex 7.530333927131202 0.7135679018745618 8.657774307902555
      vertex 64.36966607286881 0.7135679018745619 8.657774307902555
    endloop
  endfacet
  facet normal -0.7165541202761733 -0.6961540406133324 0.043814888485198024
    outer loop
      vertex 2.3431457474827795 2.343145750463009 2
      vertex 1.4644660919904737 5.885184120885796 43.90773637713912
      vertex 1.1349477291107206 6.214688164928326 43.75408611800905
    endloop
  endfacet
  facet normal -0.6455999941456622 -0.7619381440101524 0.05148701060933152
    outer loop
      vertex 1.8280335783958463 5.586539062636307 44.046996854871004
      vertex 1.4644660919904737 5.885184120885796 43.90773637713912
      vertex 2.9 1.901357927225817 2.952776504846732
    endloop
  endfacet
  facet normal -0.4893116726648051 -0.8695340285815827 0.0669676050986885
    outer loop
      vertex 2.2221488326787977 5.321629110945784 44.17052639406577
      vertex 3.9628839612036053 1.6403172854149553 9.089924642637865
      vertex 2.6430163130164175 5.093005482365699 44.27713534290784
    endloop
  endfacet
  facet normal -0.5695968383025823 -0.8197870915868782 0.059233151724597304
    outer loop
      vertex 1.8280335783958463 5.586539062636307 44.046996854871004
      vertex 3.32548131640889 2.0335461389270204 9.27329026843805
      vertex 2.2221488326787977 5.321629110945784 44.17052639406577
    endloop
  endfacet
  facet normal -0.4054456836327212 -0.9110687168510253 0.07461629043996582
    outer loop
      vertex 2.6430163130164175 5.093005482365699 44.27713534290784
      vertex 4.6353000484885465 1.3120345994482812 8.936843912131915
      vertex 3.0865828365087538 4.902869957330778 44.36579699431895
    endloop
  endfacet
  facet normal -0.3186406420220395 -0.9443119889339538 0.08211582555989057
    outer loop
      vertex 3.0865828365087538 4.902869957330778 44.36579699431895
      vertex 5.335747364452379 1.0525658385325916 8.815851641864935
      vertex 3.5485766127705602 4.753053643486068 44.43565748878129
    endloop
  endfacet
  facet normal -0.8399312383985561 -0.5419123569291859 0.02909488219124854
    outer loop
      vertex 1.348243099451068 3.5554381385445595 2
      vertex 0.8426519379019766 6.571877888874894 43.5875258143185
      vertex 0.5903936743736296 6.953313363615374 43.40965953135502
    endloop
  endfacet
  facet normal -0.8905440921223027 -0.4543512215701409 0.022275265290994405
    outer loop
      vertex 0.944629882276061 4.228826105594635 2
      vertex 0.5903936743736296 6.953313363615374 43.40965953135502
      vertex 0.38060233443975733 7.355321157925253 43.22220021823033
    endloop
  endfacet
  facet normal -0.9325410646475327 -0.36071005792540317 0.01598176640732371
    outer loop
      vertex 0.6089637398719816 4.938532538712025 2
      vertex 0.38060233443975733 7.355321157925253 43.22220021823033
      vertex 0.21529832184315012 7.774029714913796 43.02695321157154
    endloop
  endfacet
  facet normal -0.9650405405437743 -0.2618964910783172 0.010343261953801457
    outer loop
      vertex 0.3444773077964811 5.677722580730915 2
      vertex 0.21529832184315012 7.774029714913796 43.02695321157154
      vertex 0.09607359468937204 8.205406639435132 42.82579884811589
    endloop
  endfacet
  facet normal -0.781627083303777 -0.6226880140999553 0.03631445638150376
    outer loop
      vertex 1.8159163713455229 2.924853727221489 2
      vertex 1.1349477291107206 6.214688164928326 43.75408611800905
      vertex 0.8426519379019766 6.571877888874894 43.5875258143185
    endloop
  endfacet
  facet normal -0.9872589379051145 -0.15902734969656207 0.005485578816569228
    outer loop
      vertex 0.1537177532911329 6.439277425408363 2
      vertex 0.09607359468937204 8.205406639435132 42.82579884811589
      vertex 0.02407636195421503 8.645297545331292 42.62067434994377
    endloop
  endfacet
  facet normal -0.9985711245290725 -0.053417083349417464 0.0015246190293973403
    outer loop
      vertex 0.03852218091488169 7.21586287766695 2
      vertex 0.02407636195421503 8.645297545331292 42.62067434994377
      vertex -2.9802293965985882e-9 9.089466030345942 42.413555183870336
    endloop
  endfacet
  facet normal -1 0 0
    outer loop
      vertex -2.9802293965985882e-9 8 0
      vertex -2.9802293965985882e-9 9.089466030345942 42.413555183870336
      vertex -2.9802293965985882e-9 10.90630778703665 41.5773817382593
    endloop
  endfacet
  facet normal -0.2294902887308487 -0.9691953664761356 0.08941224177606236
    outer loop
      vertex 3.5485766127705602 4.753053643486068 44.43565748878129
      vertex 5.98034112605924 0.8839220620171726 8.737211757375617
      vertex 4.0245483860373525 4.64499934485928 44.48604403572753
    endloop
  endfacet
  facet normal -0.13855533161339897 -0.9856459746541131 0.09645948750457262
    outer loop
      vertex 4.0245483860373525 4.64499934485928 44.48604403572753
      vertex 6.7140410535372546 0.7628728444834988 8.680765580225993
      vertex 4.509914298355582 4.5797476921863165 44.5164713810762
    endloop
  endfacet
  facet normal -0.046381055495183905 -0.9935768115675573 0.10321781438491956
    outer loop
      vertex 4.509914298355582 4.5797476921863165 44.5164713810762
      vertex 7.453333028112802 0.7173453620936645 8.659535766531098
      vertex 4.999999997019771 4.557927095162694 44.52664649257383
    endloop
  endfacet
  facet normal -0.5141027497065662 -0.7773661154124077 0.3624917728070126
    outer loop
      vertex 2.2221488326787977 5.32585529356319 44.17958947193613
      vertex 2.6430163130164175 5.093005482365699 44.27713534290784
      vertex 2.6430163130164175 5.097231664983106 44.286198420778206
    endloop
  endfacet
  facet normal -6.692089823525288e-14 0.42261826174058365 0.906307787036704
    outer loop
      vertex 2.2221488326787977 5.32585529356319 44.17958947193613
      vertex 2.6430163130164175 5.097231664983106 44.286198420778206
      vertex 3.0865828365087538 4.907096139948185 44.374860072189314
    endloop
  endfacet
  facet normal -0.4275550910277542 -0.8192925367853793 0.3820423841722627
    outer loop
      vertex 2.6430163130164175 5.097231664983106 44.286198420778206
      vertex 2.6430163130164175 5.093005482365699 44.27713534290784
      vertex 3.0865828365087538 4.902869957330778 44.36579699431895
    endloop
  endfacet
  facet normal -0.4275550910277544 -0.8192925367853793 0.3820423841722625
    outer loop
      vertex 2.6430163130164175 5.097231664983106 44.286198420778206
      vertex 3.0865828365087538 4.902869957330778 44.36579699431895
      vertex 3.0865828365087538 4.907096139948185 44.374860072189314
    endloop
  endfacet
  facet normal 3.582008621840218e-15 0.4226182617407029 0.9063077870366483
    outer loop
      vertex 2.2221488326787977 5.32585529356319 44.17958947193613
      vertex 3.0865828365087538 4.907096139948185 44.374860072189314
      vertex 3.5485766127705602 4.757279826103475 44.444720566651654
    endloop
  endfacet
  facet normal -0.33688984659619564 -0.8533287203173423 0.39791371720758634
    outer loop
      vertex 3.0865828365087538 4.907096139948185 44.374860072189314
      vertex 3.0865828365087538 4.902869957330778 44.36579699431895
      vertex 3.5485766127705602 4.757279826103475 44.444720566651654
    endloop
  endfacet
  facet normal -0.33688984659619564 -0.8533287203173424 0.3979137172075856
    outer loop
      vertex 3.0865828365087538 4.902869957330778 44.36579699431895
      vertex 3.5485766127705602 4.753053643486068 44.43565748878129
      vertex 3.5485766127705602 4.757279826103475 44.444720566651654
    endloop
  endfacet
  facet normal -3.259860887071266e-15 0.42261826174068995 0.9063077870366545
    outer loop
      vertex 2.2221488326787977 5.32585529356319 44.17958947193613
      vertex 3.5485766127705602 4.757279826103475 44.444720566651654
      vertex 4.999999997019771 4.562153277780101 44.5357095704442
    endloop
  endfacet
  facet normal -0.24298018859287276 -0.8791468764664335 0.4099529211393493
    outer loop
      vertex 3.5485766127705602 4.757279826103475 44.444720566651654
      vertex 3.5485766127705602 4.753053643486068 44.43565748878129
      vertex 4.0245483860373525 4.64499934485928 44.48604403572753
    endloop
  endfacet
  facet normal -0.24298018859287276 -0.8791468764664332 0.40995292113934984
    outer loop
      vertex 3.5485766127705602 4.757279826103475 44.444720566651654
      vertex 4.0245483860373525 4.64499934485928 44.48604403572753
      vertex 4.0245483860373525 4.649225527476687 44.495107113597896
    endloop
  endfacet
  facet normal -0.14673047607854084 -0.8964983735165981 0.4180440570942956
    outer loop
      vertex 4.0245483860373525 4.649225527476687 44.495107113597896
      vertex 4.509914298355582 4.5797476921863165 44.5164713810762
      vertex 4.509914298355582 4.583973874803723 44.52553445894657
    endloop
  endfacet
  facet normal 7.004098789675924e-15 0.4226182617407525 0.9063077870366253
    outer loop
      vertex 3.5485766127705602 4.757279826103475 44.444720566651654
      vertex 4.0245483860373525 4.649225527476687 44.495107113597896
      vertex 4.999999997019771 4.562153277780101 44.5357095704442
    endloop
  endfacet
  facet normal -0.1467304760785409 -0.8964983735165984 0.41804405709429515
    outer loop
      vertex 4.0245483860373525 4.64499934485928 44.48604403572753
      vertex 4.509914298355582 4.5797476921863165 44.5164713810762
      vertex 4.0245483860373525 4.649225527476687 44.495107113597896
    endloop
  endfacet
  facet normal -0.9039892942597543 -0.3874965083856164 0.18069258936853844
    outer loop
      vertex 0.38060233443975733 7.35954734054266 43.23126329610069
      vertex 0.5903936743736296 6.953313363615374 43.40965953135502
      vertex 0.5903936743736296 6.9575395462327805 43.418722609225384
    endloop
  endfacet
  facet normal -0.9039892942597544 -0.3874965083856166 0.18069258936853777
    outer loop
      vertex 0.38060233443975733 7.355321157925253 43.22220021823033
      vertex 0.5903936743736296 6.953313363615374 43.40965953135502
      vertex 0.38060233443975733 7.35954734054266 43.23126329610069
    endloop
  endfacet
  facet normal -0.8577286066957003 -0.4659353253960139 0.21726921043710612
    outer loop
      vertex 0.8426519379019766 6.571877888874894 43.5875258143185
      vertex 0.5903936743736296 6.9575395462327805 43.418722609225384
      vertex 0.5903936743736296 6.953313363615374 43.40965953135502
    endloop
  endfacet
  facet normal -7.144343656070766e-14 0.4226182617406595 0.9063077870366686
    outer loop
      vertex 1.1349477291107206 6.218914347545733 43.763149195879414
      vertex 0.38060233443975733 7.35954734054266 43.23126329610069
      vertex 0.5903936743736296 6.9575395462327805 43.418722609225384
    endloop
  endfacet
  facet normal -0.8577286066957006 -0.46593532539601373 0.21726921043710495
    outer loop
      vertex 0.8426519379019766 6.576104071492301 43.59658889218886
      vertex 0.5903936743736296 6.9575395462327805 43.418722609225384
      vertex 0.8426519379019766 6.571877888874894 43.5875258143185
    endloop
  endfacet
  facet normal -0.8032075338446828 -0.539886915504919 0.25175340323762735
    outer loop
      vertex 0.8426519379019766 6.576104071492301 43.59658889218886
      vertex 0.8426519379019766 6.571877888874894 43.5875258143185
      vertex 1.1349477291107206 6.214688164928326 43.75408611800905
    endloop
  endfacet
  facet normal -0.8032075338446824 -0.5398869155048989 0.25175340323767154
    outer loop
      vertex 0.8426519379019766 6.576104071492301 43.59658889218886
      vertex 1.1349477291107206 6.214688164928326 43.75408611800905
      vertex 1.1349477291107206 6.218914347545733 43.763149195879414
    endloop
  endfacet
  facet normal 1.1068888898801988e-13 0.4226182617407697 0.9063077870366173
    outer loop
      vertex 0.8426519379019766 6.576104071492301 43.59658889218886
      vertex 1.1349477291107206 6.218914347545733 43.763149195879414
      vertex 0.5903936743736296 6.9575395462327805 43.418722609225384
    endloop
  endfacet
  facet normal -0.7409511245144405 -0.6086391110725046 0.2838130785458227
    outer loop
      vertex 1.1349477291107206 6.214688164928326 43.75408611800905
      vertex 1.4644660919904737 5.885184120885796 43.90773637713912
      vertex 1.1349477291107206 6.218914347545733 43.763149195879414
    endloop
  endfacet
  facet normal -0.740951124514441 -0.608639111072527 0.2838130785457732
    outer loop
      vertex 1.1349477291107206 6.218914347545733 43.763149195879414
      vertex 1.4644660919904737 5.885184120885796 43.90773637713912
      vertex 1.4644660919904737 5.889410303503203 43.91679945500949
    endloop
  endfacet
  facet normal 3.046461093616834e-14 0.4226182617407258 0.9063077870366376
    outer loop
      vertex 1.8280335783958463 5.5907652452537135 44.05605993274137
      vertex 1.1349477291107206 6.218914347545733 43.763149195879414
      vertex 1.4644660919904737 5.889410303503203 43.91679945500949
    endloop
  endfacet
  facet normal -0.6715589557743866 -0.6715297739609991 0.3131394762771133
    outer loop
      vertex 1.8280335783958463 5.5907652452537135 44.05605993274137
      vertex 1.4644660919904737 5.889410303503203 43.91679945500949
      vertex 1.4644660919904737 5.885184120885796 43.90773637713912
    endloop
  endfacet
  facet normal -0.6715589557743868 -0.6715297739609991 0.31313947627711275
    outer loop
      vertex 1.8280335783958463 5.5907652452537135 44.05605993274137
      vertex 1.4644660919904737 5.885184120885796 43.90773637713912
      vertex 1.8280335783958463 5.586539062636307 44.046996854871004
    endloop
  endfacet
  facet normal -1.6166390747246478e-14 0.4226182617406835 0.9063077870366574
    outer loop
      vertex 1.8280335783958463 5.5907652452537135 44.05605993274137
      vertex 2.2221488326787977 5.32585529356319 44.17958947193613
      vertex 1.1349477291107206 6.218914347545733 43.763149195879414
    endloop
  endfacet
  facet normal -0.5956993013048968 -0.7279532425299383 0.33945017177047726
    outer loop
      vertex 1.8280335783958463 5.5907652452537135 44.05605993274137
      vertex 1.8280335783958463 5.586539062636307 44.046996854871004
      vertex 2.2221488326787977 5.32585529356319 44.17958947193613
    endloop
  endfacet
  facet normal -0.5956993013048966 -0.7279532425299386 0.3394501717704773
    outer loop
      vertex 1.8280335783958463 5.586539062636307 44.046996854871004
      vertex 2.2221488326787977 5.321629110945784 44.17052639406577
      vertex 2.2221488326787977 5.32585529356319 44.17958947193613
    endloop
  endfacet
  facet normal -3.67362803280967e-15 0.42261826174069594 0.9063077870366517
    outer loop
      vertex 2.2221488326787977 5.32585529356319 44.17958947193613
      vertex 0.38060233443975733 7.35954734054266 43.23126329610069
      vertex 1.1349477291107206 6.218914347545733 43.763149195879414
    endloop
  endfacet
  facet normal 3.168948531032851e-15 0.4226182617407033 0.9063077870366482
    outer loop
      vertex 0.09607359468937204 8.209632822052539 42.83486192598625
      vertex 0.38060233443975733 7.35954734054266 43.23126329610069
      vertex 4.999999997019771 4.562153277780101 44.5357095704442
    endloop
  endfacet
  facet normal -0.9415440676146772 -0.3053258913437137 0.14237580136657635
    outer loop
      vertex 0.21529832184315012 7.778255897531203 43.0360162894419
      vertex 0.21529832184315012 7.774029714913796 43.02695321157154
      vertex 0.38060233443975733 7.355321157925253 43.22220021823033
    endloop
  endfacet
  facet normal -0.9700312510179108 -0.22021483701735242 0.10268786494054753
    outer loop
      vertex 0.21529832184315012 7.778255897531203 43.0360162894419
      vertex 0.09607359468937204 8.205406639435132 42.82579884811589
      vertex 0.21529832184315012 7.774029714913796 43.02695321157154
    endloop
  endfacet
  facet normal -4.7327252618197975e-14 0.42261826174068956 0.9063077870366546
    outer loop
      vertex 0.21529832184315012 7.778255897531203 43.0360162894419
      vertex 0.38060233443975733 7.35954734054266 43.23126329610069
      vertex 0.09607359468937204 8.209632822052539 42.83486192598625
    endloop
  endfacet
  facet normal -0.9891765097240051 -0.1329829730655768 0.06201097874469904
    outer loop
      vertex 0.02407636195421503 8.649523727948699 42.629737427814135
      vertex 0.09607359468937204 8.205406639435132 42.82579884811589
      vertex 0.09607359468937204 8.209632822052539 42.83486192598625
    endloop
  endfacet
  facet normal -0.9891765097240051 -0.13298297306557677 0.06201097874469908
    outer loop
      vertex 0.02407636195421503 8.645297545331292 42.62067434994377
      vertex 0.09607359468937204 8.205406639435132 42.82579884811589
      vertex 0.02407636195421503 8.649523727948699 42.629737427814135
    endloop
  endfacet
  facet normal -0.9700312510179105 -0.22021483701735262 0.1026878649405475
    outer loop
      vertex 0.21529832184315012 7.778255897531203 43.0360162894419
      vertex 0.09607359468937204 8.209632822052539 42.83486192598625
      vertex 0.09607359468937204 8.205406639435132 42.82579884811589
    endloop
  endfacet
  facet normal -0.9987954563607843 -0.044470412463939624 0.020736893893246885
    outer loop
      vertex -2.9802293965985882e-9 9.089466030345942 42.413555183870336
      vertex 0.02407636195421503 8.645297545331292 42.62067434994377
      vertex 0.02407636195421503 8.649523727948699 42.629737427814135
    endloop
  endfacet
  facet normal -4.0133688293752496e-14 0.42261826174069256 0.9063077870366533
    outer loop
      vertex -2.9802293965985882e-9 9.09369221296335 42.4226182617407
      vertex 0.02407636195421503 8.649523727948699 42.629737427814135
      vertex 0.09607359468937204 8.209632822052539 42.83486192598625
    endloop
  endfacet
  facet normal -0.9987954563607843 -0.04447041246393612 0.020736893893253873
    outer loop
      vertex -2.9802293965985882e-9 9.09369221296335 42.4226182617407
      vertex -2.9802293965985882e-9 9.089466030345942 42.413555183870336
      vertex 0.02407636195421503 8.649523727948699 42.629737427814135
    endloop
  endfacet
  facet normal -1.9889418638838859e-16 0.42261826174069966 0.9063077870366498
    outer loop
      vertex 0.09607359468937204 8.209632822052539 42.83486192598625
      vertex 4.999999997019771 4.562153277780101 44.5357095704442
      vertex 0.38060233443975733 12.64045265945734 40.76873670389931
    endloop
  endfacet
  facet normal -0.9415440676146776 -0.30532589134371335 0.14237580136657524
    outer loop
      vertex 0.21529832184315012 7.778255897531203 43.0360162894419
      vertex 0.38060233443975733 7.355321157925253 43.22220021823033
      vertex 0.38060233443975733 7.35954734054266 43.23126329610069
    endloop
  endfacet
  facet normal -0.5141027497065666 -0.7773661154124076 0.3624917728070125
    outer loop
      vertex 2.2221488326787977 5.32585529356319 44.17958947193613
      vertex 2.2221488326787977 5.321629110945784 44.17052639406577
      vertex 2.6430163130164175 5.093005482365699 44.27713534290784
    endloop
  endfacet
  facet normal -3.4549691221244073e-16 0.42261826174069855 0.9063077870366503
    outer loop
      vertex 2.2221488326787977 5.32585529356319 44.17958947193613
      vertex 4.999999997019771 4.562153277780101 44.5357095704442
      vertex 0.38060233443975733 7.35954734054266 43.23126329610069
    endloop
  endfacet
  facet normal -7.180930223957728e-15 0.4226182617406221 0.906307787036686
    outer loop
      vertex 4.0245483860373525 4.649225527476687 44.495107113597896
      vertex 4.509914298355582 4.583973874803723 44.52553445894657
      vertex 4.999999997019771 4.562153277780101 44.5357095704442
    endloop
  endfacet
  facet normal -0.049067671159865205 -0.9052160997566013 0.4221091996017073
    outer loop
      vertex 4.509914298355582 4.583973874803723 44.52553445894657
      vertex 4.509914298355582 4.5797476921863165 44.5164713810762
      vertex 4.999999997019771 4.562153277780101 44.5357095704442
    endloop
  endfacet
  facet normal -0.0490676711598652 -0.9052160997566013 0.42210919960170734
    outer loop
      vertex 4.509914298355582 4.5797476921863165 44.5164713810762
      vertex 4.999999997019771 4.557927095162694 44.52664649257383
      vertex 4.999999997019771 4.562153277780101 44.5357095704442
    endloop
  endfacet
  facet normal 5.462332690019289e-16 0.42261826174069855 0.9063077870366504
    outer loop
      vertex 4.999999997019771 4.562153277780101 44.5357095704442
      vertex 10.92485372424126 11.815916374325752 41.153224288082846
      vertex 10.34314574748278 12.343145750463009 40.90737319238576
    endloop
  endfacet
  facet normal -1.4353905800819932e-15 0.5388956431907248 0.8423725338293355
    outer loop
      vertex 4.999999997019771 15.437846722219899 39.4642904295558
      vertex 8.038522180914882 17.21586287766695 38.32683031397319
      vertex 7.999999997019771 18 37.82518993288379
    endloop
  endfacet
  facet normal 4.486392351549939e-16 0.5388956431907225 0.842372533829337
    outer loop
      vertex 4.999999997019771 15.437846722219899 39.4642904295558
      vertex 8.153717753291133 16.439277425408363 38.823639623371015
      vertex 8.038522180914882 17.21586287766695 38.32683031397319
    endloop
  endfacet
  facet normal -1.833662733237868e-14 0.4226182617407005 0.9063077870366494
    outer loop
      vertex -2.9802293965985882e-9 9.09369221296335 42.4226182617407
      vertex 0.09607359468937204 11.790367177947461 41.16513807401375
      vertex 0.02407636195421503 11.350476272051301 41.370262572185865
    endloop
  endfacet
  facet normal 1.8152005098971836e-14 0.42261826174069894 0.9063077870366502
    outer loop
      vertex -2.9802293965985882e-9 9.09369221296335 42.4226182617407
      vertex 0.38060233443975733 12.64045265945734 40.76873670389931
      vertex 0.21529832184315012 12.221744102468797 40.9639837105581
    endloop
  endfacet
  facet normal 1.1115773363346273e-15 0.42261826174069994 0.9063077870366496
    outer loop
      vertex -2.9802293965985882e-9 9.09369221296335 42.4226182617407
      vertex 0.21529832184315012 12.221744102468797 40.9639837105581
      vertex 0.09607359468937204 11.790367177947461 41.16513807401375
    endloop
  endfacet
  facet normal -1.4004391450307637e-14 0.42261826174071154 0.9063077870366444
    outer loop
      vertex 1.1349477291107206 13.781085652454266 40.236850804120586
      vertex 0.5903936743736296 13.04246045376722 40.581277390774616
      vertex 1.4644660919904737 14.110589696496797 40.08320054499051
    endloop
  endfacet
  facet normal -6.185427610931823e-15 0.4226182617407024 0.9063077870366486
    outer loop
      vertex 0.38060233443975733 12.64045265945734 40.76873670389931
      vertex 2.6430163130164175 14.902768335016894 39.713801579221794
      vertex 1.4644660919904737 14.110589696496797 40.08320054499051
    endloop
  endfacet
  facet normal 4.9688171588474895e-14 0.4226182617406686 0.9063077870366644
    outer loop
      vertex 0.38060233443975733 12.64045265945734 40.76873670389931
      vertex 1.4644660919904737 14.110589696496797 40.08320054499051
      vertex 0.5903936743736296 13.04246045376722 40.581277390774616
    endloop
  endfacet
  facet normal -1.0404885660046288e-13 0.4226182617407657 0.906307787036619
    outer loop
      vertex 1.1349477291107206 13.781085652454266 40.236850804120586
      vertex 0.8426519379019766 13.423895928507699 40.40341110781114
      vertex 0.5903936743736296 13.04246045376722 40.581277390774616
    endloop
  endfacet
  facet normal -9.307079329676425e-16 0.4226182617406993 0.90630778703665
    outer loop
      vertex 4.999999997019771 4.562153277780101 44.5357095704442
      vertex 3.5485766127705602 15.242720173896526 39.555279433348346
      vertex 0.38060233443975733 12.64045265945734 40.76873670389931
    endloop
  endfacet
  facet normal 2.5250639017423957e-14 0.42261826174069833 0.9063077870366504
    outer loop
      vertex -2.9802293965985882e-9 9.09369221296335 42.4226182617407
      vertex 0.09607359468937204 8.209632822052539 42.83486192598625
      vertex 0.38060233443975733 12.64045265945734 40.76873670389931
    endloop
  endfacet
  facet normal -1 0 0
    outer loop
      vertex -2.9802293965985882e-9 9.09369221296335 42.4226182617407
      vertex -2.9802293965985882e-9 10.90630778703665 41.5773817382593
      vertex -2.9802293965985882e-9 9.089466030345942 42.413555183870336
    endloop
  endfacet
  facet normal -1.6969255787930662e-13 0.4226182617407018 0.9063077870366487
    outer loop
      vertex -2.9802293965985882e-9 9.09369221296335 42.4226182617407
      vertex 0.02407636195421503 11.350476272051301 41.370262572185865
      vertex -2.9802293965985882e-9 10.90630778703665 41.5773817382593
    endloop
  endfacet
  facet normal 3.609272717160846e-14 0.4226182617406596 0.9063077870366686
    outer loop
      vertex 1.4644660919904737 14.110589696496797 40.08320054499051
      vertex 2.2221488326787977 14.67414470643681 39.82041052806387
      vertex 1.8280335783958463 14.409234754746286 39.94394006725863
    endloop
  endfacet
  facet normal -3.5700706906087385e-14 0.4226182617407385 0.9063077870366317
    outer loop
      vertex 1.4644660919904737 14.110589696496797 40.08320054499051
      vertex 2.6430163130164175 14.902768335016894 39.713801579221794
      vertex 2.2221488326787977 14.67414470643681 39.82041052806387
    endloop
  endfacet
  facet normal 3.995979109279165e-15 0.42261826174069406 0.9063077870366525
    outer loop
      vertex 0.38060233443975733 12.64045265945734 40.76873670389931
      vertex 3.5485766127705602 15.242720173896526 39.555279433348346
      vertex 2.6430163130164175 14.902768335016894 39.713801579221794
    endloop
  endfacet
  facet normal -2.6239890446552037e-14 0.42261826174076 0.9063077870366217
    outer loop
      vertex 2.6430163130164175 14.902768335016894 39.713801579221794
      vertex 3.5485766127705602 15.242720173896526 39.555279433348346
      vertex 3.0865828365087538 15.092903860051816 39.625139927810686
    endloop
  endfacet
  facet normal -2.8772779739269964e-14 0.4226182617408369 0.9063077870365859
    outer loop
      vertex 3.5485766127705602 15.242720173896526 39.555279433348346
      vertex 4.509914298355582 15.416026125196277 39.47446554105343
      vertex 4.0245483860373525 15.350774472523312 39.504892886402104
    endloop
  endfacet
  facet normal 4.528593473676315e-15 0.4226182617406853 0.9063077870366565
    outer loop
      vertex 3.5485766127705602 15.242720173896526 39.555279433348346
      vertex 4.999999997019771 15.437846722219899 39.4642904295558
      vertex 4.509914298355582 15.416026125196277 39.47446554105343
    endloop
  endfacet
  facet normal 6.494017231127844e-16 0.4226182617406995 0.90630778703665
    outer loop
      vertex 4.999999997019771 4.562153277780101 44.5357095704442
      vertex 8.608963739871982 14.938532538712025 39.697124457150935
      vertex 3.5485766127705602 15.242720173896526 39.555279433348346
    endloop
  endfacet
  facet normal -4.670063115073736e-15 0.4226182617407008 0.9063077870366494
    outer loop
      vertex 4.999999997019771 4.562153277780101 44.5357095704442
      vertex 8.944629882276061 14.228826105594635 40.028066001955445
      vertex 8.608963739871982 14.938532538712025 39.697124457150935
    endloop
  endfacet
  facet normal 5.292774146883616e-15 0.4226182617406979 0.9063077870366507
    outer loop
      vertex 4.999999997019771 4.562153277780101 44.5357095704442
      vertex 9.348243099451068 13.55543813854456 40.34207196790032
      vertex 8.944629882276061 14.228826105594635 40.028066001955445
    endloop
  endfacet
  facet normal -3.9657619647316276e-15 0.42261826174070133 0.906307787036649
    outer loop
      vertex 4.999999997019771 4.562153277780101 44.5357095704442
      vertex 10.34314574748278 12.343145750463009 40.90737319238576
      vertex 9.815916371345523 12.924853727221489 40.63611830801343
    endloop
  endfacet
  facet normal -3.637142595916969e-15 0.422618261740701 0.9063077870366493
    outer loop
      vertex 4.999999997019771 4.562153277780101 44.5357095704442
      vertex 9.815916371345523 12.924853727221489 40.63611830801343
      vertex 9.348243099451068 13.55543813854456 40.34207196790032
    endloop
  endfacet
  facet normal 1.1135004920983303e-15 0.42261826174070616 0.9063077870366468
    outer loop
      vertex 3.5485766127705602 15.242720173896526 39.555279433348346
      vertex 8.608963739871982 14.938532538712025 39.697124457150935
      vertex 4.999999997019771 15.437846722219899 39.4642904295558
    endloop
  endfacet
  facet normal 0 0.5388956431907318 0.8423725338293311
    outer loop
      vertex 4.999999997019771 15.437846722219899 39.4642904295558
      vertex 8.43030626429236 15.437846722219899 39.4642904295558
      vertex 8.344477307796481 15.677722580730915 39.31083331899382
    endloop
  endfacet
  facet normal 1.0764820943395007e-15 0.5388956431907211 0.8423725338293379
    outer loop
      vertex 4.999999997019771 15.437846722219899 39.4642904295558
      vertex 8.344477307796481 15.677722580730915 39.31083331899382
      vertex 8.153717753291133 16.439277425408363 38.823639623371015
    endloop
  endfacet
  facet normal 0 0.42261826174069955 0.9063077870366499
    outer loop
      vertex 4.999999997019771 15.437846722219899 39.4642904295558
      vertex 8.608963739871982 14.938532538712025 39.697124457150935
      vertex 8.43030626429236 15.437846722219899 39.4642904295558
    endloop
  endfacet
  facet normal 2.3240057097728807e-15 0.42261826174069794 0.9063077870366507
    outer loop
      vertex 4.999999997019771 4.562153277780101 44.5357095704442
      vertex 11.55543813556433 11.348243102431297 41.37130391628163
      vertex 10.92485372424126 11.815916374325752 41.153224288082846
    endloop
  endfacet
  facet normal -2.7538236543894212e-15 0.42261826174070155 0.906307787036649
    outer loop
      vertex 4.999999997019771 4.562153277780101 44.5357095704442
      vertex 12.228826102614406 10.94462988525629 41.55951185038292
      vertex 11.55543813556433 11.348243102431297 41.37130391628163
    endloop
  endfacet
  facet normal 2.474583403497987e-15 0.42261826174069667 0.9063077870366513
    outer loop
      vertex 4.999999997019771 4.562153277780101 44.5357095704442
      vertex 12.938532535731795 10.608963742852211 41.71603554316928
      vertex 12.228826102614406 10.94462988525629 41.55951185038292
    endloop
  endfacet
  facet normal 7.475775700541834e-16 0.4226182617406986 0.9063077870366503
    outer loop
      vertex 4.999999997019771 4.562153277780101 44.5357095704442
      vertex 13.677722577750686 10.34447731077671 41.83936759192418
      vertex 12.938532535731795 10.608963742852211 41.71603554316928
    endloop
  endfacet
  facet normal -1.4438266418009874e-15 0.4226182617407017 0.906307787036649
    outer loop
      vertex 4.999999997019771 4.562153277780101 44.5357095704442
      vertex 14.439277422428134 10.153717756271362 41.92832023305626
      vertex 13.677722577750686 10.34447731077671 41.83936759192418
    endloop
  endfacet
  facet normal -4.61865231568637e-16 0.42261826174070016 0.9063077870366496
    outer loop
      vertex 4.999999997019771 4.562153277780101 44.5357095704442
      vertex 15.21586287468672 10.038522183895111 41.98203681064086
      vertex 14.439277422428134 10.153717756271362 41.92832023305626
    endloop
  endfacet
  facet normal -5.4095417424546744e-15 0.4226182617407078 0.906307787036646
    outer loop
      vertex 4.999999997019771 4.562153277780101 44.5357095704442
      vertex 15.99999999701977 10 42.00000000000001
      vertex 15.21586287468672 10.038522183895111 41.98203681064086
    endloop
  endfacet
  facet normal -0.303584388481583 0.5282060382920601 0.7929911097749267
    outer loop
      vertex 0.38060233443975733 12.64045265945734 40.76873670389931
      vertex 0.5903936743736296 13.04246045376722 40.581277390774616
      vertex 2.9 51.13749135124988 16.090630918726966
    endloop
  endfacet
  facet normal -0.23793231271029558 0.5352822201238453 0.8104697152809703
    outer loop
      vertex 0.5903936743736296 13.04246045376722 40.581277390774616
      vertex 2.9 43.54520366634962 21.11349736802303
      vertex 2.9 45.09788850292885 20.088012305711196
    endloop
  endfacet
  facet normal -0.25257646558319957 0.5340280708521886 0.806857576388416
    outer loop
      vertex 0.5903936743736296 13.04246045376722 40.581277390774616
      vertex 2.9 45.09788850292885 20.088012305711196
      vertex 2.9 51.13749135124988 16.090630918726966
    endloop
  endfacet
  facet normal -0.9649434094515325 0.15205848127462013 0.21392156232719597
    outer loop
      vertex -2.9802293965985882e-9 10.90630778703665 41.5773817382593
      vertex 0.02407636195421503 11.350476272051301 41.370262572185865
      vertex 0.1537177532911329 67.56072257459164 2
    endloop
  endfacet
  facet normal -0.7551610551529584 0.37449055459778224 0.5380414531402911
    outer loop
      vertex 0.02407636195421503 11.350476272051301 41.370262572185865
      vertex 0.09607359468937204 11.790367177947461 41.16513807401375
      vertex 0.944629882276061 69.77117389440536 2
    endloop
  endfacet
  facet normal -0.5441320954487792 0.47339437969736003 0.6926889806929748
    outer loop
      vertex 0.21529832184315012 12.221744102468797 40.9639837105581
      vertex 1.8159163713455229 71.07514627277851 2
      vertex 0.09607359468937204 11.790367177947461 41.16513807401375
    endloop
  endfacet
  facet normal -0.1904818168507373 0.538597057077366 0.8207495888252656
    outer loop
      vertex 0.8426519379019766 13.423895928507699 40.40341110781114
      vertex 2.9 37.044732780289735 25.380283487412594
      vertex 2.9 39.05277083508964 24.062557104676827
    endloop
  endfacet
  facet normal -0.15425958322868594 0.5400712752527342 0.8273614679382872
    outer loop
      vertex 1.4644660919904737 14.110589696496797 40.08320054499051
      vertex 3.075452812126013 36.878274651554705 25.521654020208175
      vertex 2.9 36.84904258380156 25.508022883151177
    endloop
  endfacet
  facet normal -0.15425958322849898 0.5400712752527475 0.8273614679383134
    outer loop
      vertex 1.4644660919904737 14.110589696496797 40.08320054499051
      vertex 2.9 36.84904258380156 25.508022883151177
      vertex 2.9 37.044732780289735 25.380283487412594
    endloop
  endfacet
  facet normal -0.13541740136262267 0.5406165805363833 0.8302986452219121
    outer loop
      vertex 1.4644660919904737 14.110589696496797 40.08320054499051
      vertex 3.364075916631802 36.920401146068386 25.541297927211126
      vertex 3.075452812126013 36.878274651554705 25.521654020208175
    endloop
  endfacet
  facet normal -0.1255751123932495 0.5407336629339836 0.8317679946459948
    outer loop
      vertex 1.8280335783958463 14.409234754746286 39.94394006725863
      vertex 3.5767254637008956 36.949158069577294 25.554707500868307
      vertex 3.364075916631802 36.920401146068386 25.541297927211126
    endloop
  endfacet
  facet normal -0.1018827596123998 0.5408935104936404 0.8348976665434082
    outer loop
      vertex 2.2221488326787977 14.67414470643681 39.82041052806387
      vertex 3.8114953843832975 36.9748715518255 25.566697894558477
      vertex 3.5767254637008956 36.949158069577294 25.554707500868307
    endloop
  endfacet
  facet normal -0.08176784006554215 0.5408783564355016 0.8371168519810399
    outer loop
      vertex 2.6430163130164175 14.902768335016894 39.713801579221794
      vertex 4.0660109797084445 36.997219562367256 25.57711894301863
      vertex 3.8114953843832975 36.9748715518255 25.566697894558477
    endloop
  endfacet
  facet normal -0.08023132356761037 0.5408756379502981 0.8372672685531469
    outer loop
      vertex 2.6430163130164175 14.902768335016894 39.713801579221794
      vertex 4.355696079575883 37.02217588636647 25.588756268018862
      vertex 4.0660109797084445 36.997219562367256 25.57711894301863
    endloop
  endfacet
  facet normal -0.06406987833399672 0.5406186779396566 0.8388244725525388
    outer loop
      vertex 3.0865828365087538 15.092903860051816 39.625139927810686
      vertex 4.626094922914191 37.04076893020235 25.597426346747945
      vertex 4.355696079575883 37.02217588636647 25.588756268018862
    endloop
  endfacet
  facet normal -0.04817915066530463 0.5403100669500916 0.8400855914688439
    outer loop
      vertex 3.5485766127705602 15.242720173896526 39.555279433348346
      vertex 4.910895522244955 37.05549075238629 25.604291245174316
      vertex 4.626094922914191 37.04076893020235 25.597426346747945
    endloop
  endfacet
  facet normal -0.3991550640214733 0.5122007514229405 0.7604772351016095
    outer loop
      vertex 0.21529832184315012 12.221744102468797 40.9639837105581
      vertex 0.38060233443975733 12.64045265945734 40.76873670389931
      vertex 2.9 71.63407182298089 2.35740184741233
    endloop
  endfacet
  facet normal -0.19267516317208053 0.5384909949577765 0.8203070948407042
    outer loop
      vertex 0.8426519379019766 13.423895928507699 40.40341110781114
      vertex 2.9 39.05277083508964 24.062557104676827
      vertex 2.9 43.54520366634962 21.11349736802303
    endloop
  endfacet
  facet normal -0.033557363148709364 0.5399851130866424 0.8410053394737227
    outer loop
      vertex 4.0245483860373525 15.350774472523312 39.504892886402104
      vertex 5.206936291158914 37.06614818157076 25.60926088601928
      vertex 4.910895522244955 37.05549075238629 25.604291245174316
    endloop
  endfacet
  facet normal -0.026520021845499814 0.5398274841001477 0.8413578167767974
    outer loop
      vertex 4.0245483860373525 15.350774472523312 39.504892886402104
      vertex 5.497052572615079 37.07440201968619 25.613109713941668
      vertex 5.206936291158914 37.06614818157076 25.60926088601928
    endloop
  endfacet
  facet normal -0.019775504599372298 0.539587412389144 0.8416973053354918
    outer loop
      vertex 4.509914298355582 15.416026125196277 39.47446554105343
      vertex 5.800575517603581 37.08084174235639 25.61611260593918
      vertex 5.497052572615079 37.07440201968619 25.613109713941668
    endloop
  endfacet
  facet normal -0.006518114738149905 0.5391211119831267 0.8422030282505147
    outer loop
      vertex 4.999999997019771 15.437846722219899 39.4642904295558
      vertex 6.108829676031382 37.08299792929647 25.617118052421752
      vertex 5.800575517603581 37.08084174235639 25.61611260593918
    endloop
  endfacet
  facet normal 1.229476592413118e-15 0.5388956431907238 0.8423725338293361
    outer loop
      vertex 4.999999997019771 15.437846722219899 39.4642904295558
      vertex 7.999999997019771 37.08299792929647 25.61711805242175
      vertex 6.108829676031382 37.08299792929647 25.617118052421752
    endloop
  endfacet
  facet normal -0.19048181685073615 0.5385970570773652 0.8207495888252665
    outer loop
      vertex 1.1349477291107206 13.781085652454266 40.236850804120586
      vertex 2.9 37.044732780289735 25.380283487412594
      vertex 0.8426519379019766 13.423895928507699 40.40341110781114
    endloop
  endfacet
  facet normal -0.15425958322867636 0.5400712752527352 0.8273614679382885
    outer loop
      vertex 1.1349477291107206 13.781085652454266 40.236850804120586
      vertex 1.4644660919904737 14.110589696496797 40.08320054499051
      vertex 2.9 37.044732780289735 25.380283487412594
    endloop
  endfacet
  facet normal -0.12557511239325964 0.5407336629339834 0.8317679946459935
    outer loop
      vertex 1.4644660919904737 14.110589696496797 40.08320054499051
      vertex 1.8280335783958463 14.409234754746286 39.94394006725863
      vertex 3.364075916631802 36.920401146068386 25.541297927211126
    endloop
  endfacet
  facet normal -0.10188275961242012 0.5408935104936401 0.8348976665434058
    outer loop
      vertex 1.8280335783958463 14.409234754746286 39.94394006725863
      vertex 2.2221488326787977 14.67414470643681 39.82041052806387
      vertex 3.5767254637008956 36.949158069577294 25.554707500868307
    endloop
  endfacet
  facet normal -0.08176784006553908 0.5408783564355018 0.8371168519810402
    outer loop
      vertex 2.2221488326787977 14.67414470643681 39.82041052806387
      vertex 2.6430163130164175 14.902768335016894 39.713801579221794
      vertex 3.8114953843832975 36.9748715518255 25.566697894558477
    endloop
  endfacet
  facet normal -0.06406987833398331 0.5406186779396566 0.8388244725525398
    outer loop
      vertex 2.6430163130164175 14.902768335016894 39.713801579221794
      vertex 3.0865828365087538 15.092903860051816 39.625139927810686
      vertex 4.355696079575883 37.02217588636647 25.588756268018862
    endloop
  endfacet
  facet normal -0.048179150665304295 0.5403100669500916 0.840085591468844
    outer loop
      vertex 3.0865828365087538 15.092903860051816 39.625139927810686
      vertex 3.5485766127705602 15.242720173896526 39.555279433348346
      vertex 4.626094922914191 37.04076893020235 25.597426346747945
    endloop
  endfacet
  facet normal -0.03355736314871116 0.5399851130866425 0.8410053394737227
    outer loop
      vertex 3.5485766127705602 15.242720173896526 39.555279433348346
      vertex 4.0245483860373525 15.350774472523312 39.504892886402104
      vertex 4.910895522244955 37.05549075238629 25.604291245174316
    endloop
  endfacet
  facet normal -0.237932312710292 0.5352822201238454 0.8104697152809716
    outer loop
      vertex 0.5903936743736296 13.04246045376722 40.581277390774616
      vertex 0.8426519379019766 13.423895928507699 40.40341110781114
      vertex 2.9 43.54520366634962 21.11349736802303
    endloop
  endfacet
  facet normal -0.019775504599381395 0.5395874123891442 0.8416973053354914
    outer loop
      vertex 4.0245483860373525 15.350774472523312 39.504892886402104
      vertex 4.509914298355582 15.416026125196277 39.47446554105343
      vertex 5.497052572615079 37.07440201968619 25.613109713941668
    endloop
  endfacet
  facet normal -0.006518114738149144 0.5391211119831267 0.8422030282505146
    outer loop
      vertex 4.509914298355582 15.416026125196277 39.47446554105343
      vertex 4.999999997019771 15.437846722219899 39.4642904295558
      vertex 5.800575517603581 37.08084174235639 25.61611260593918
    endloop
  endfacet
  facet normal -5.160095657232551e-16 0.538895643190724 0.8423725338293361
    outer loop
      vertex 4.999999997019771 15.437846722219899 39.4642904295558
      vertex 7.999999997019771 18 37.82518993288379
      vertex 7.999999997019771 37.08299792929647 25.61711805242175
    endloop
  endfacet
  facet normal 0 -0.906307787036648 0.4226182617407035
    outer loop
      vertex 4.999999997019771 4.562153277780101 44.5357095704442
      vertex 4.999999997019771 4.557927095162694 44.52664649257383
      vertex 66.90000000298024 4.562153277780101 44.5357095704442
    endloop
  endfacet
  facet normal 5.046823966490792e-17 0.4226182617406985 0.9063077870366504
    outer loop
      vertex 4.999999997019771 4.562153277780101 44.5357095704442
      vertex 71.90000000298024 9.09369221296335 42.4226182617407
      vertex 15.99999999701977 10 42.00000000000001
    endloop
  endfacet
  facet normal -1 0 0
    outer loop
      vertex -2.9802293965985882e-9 8 0
      vertex -2.9802293965985882e-9 66 2
      vertex -2.9802293965985882e-9 66 0
    endloop
  endfacet
  facet normal 0 0 -1
    outer loop
      vertex -2.9802293965985882e-9 66 0
      vertex 0.944629882276061 69.77117389440536 0
      vertex 2.9 1.838442476854766 0
    endloop
  endfacet
  facet normal 0 0 -1
    outer loop
      vertex 0.944629882276061 69.77117389440536 0
      vertex 2.3431457474827795 71.65685424953699 0
      vertex 2.9 1.838442476854766 0
    endloop
  endfacet
  facet normal 0 0 -1
    outer loop
      vertex 2.3431457474827795 71.65685424953699 0
      vertex 2.9 72.16155752314523 0
      vertex 2.9 1.838442476854766 0
    endloop
  endfacet
  facet normal -0.31564551323850826 0.5266227205240264 0.7893265611901529
    outer loop
      vertex 0.38060233443975733 12.64045265945734 40.76873670389931
      vertex 2.9 52.19355850030129 15.387191702202628
      vertex 2.9 60.26255007664305 10.00372368687143
    endloop
  endfacet
  facet normal -0.9964736250402358 0.04895360662968844 0.06814586559078323
    outer loop
      vertex -2.9802293965985882e-9 10.90630778703665 41.5773817382593
      vertex 0.03852218091488169 66.78413712233305 2
      vertex -2.9802293965985882e-9 66 2
    endloop
  endfacet
  facet normal -0.9687949803844095 0.14370716314096077 0.20195181911522558
    outer loop
      vertex -2.9802293965985882e-9 10.90630778703665 41.5773817382593
      vertex 0.1537177532911329 67.56072257459164 2
      vertex 0.03852218091488169 66.78413712233305 2
    endloop
  endfacet
  facet normal -0.9173549302665585 0.22978544361443953 0.3250516602304206
    outer loop
      vertex 0.02407636195421503 11.350476272051301 41.370262572185865
      vertex 0.3444773077964811 68.32227741926908 2
      vertex 0.1537177532911329 67.56072257459164 2
    endloop
  endfacet
  facet normal -0.8488756204506577 0.30373256045991864 0.4326161262839988
    outer loop
      vertex 0.02407636195421503 11.350476272051301 41.370262572185865
      vertex 0.6089637398719816 69.06146746128798 2
      vertex 0.3444773077964811 68.32227741926908 2
    endloop
  endfacet
  facet normal -0.7706051503426219 0.3644690904040835 0.5228097019044738
    outer loop
      vertex 0.02407636195421503 11.350476272051301 41.370262572185865
      vertex 0.944629882276061 69.77117389440536 2
      vertex 0.6089637398719816 69.06146746128798 2
    endloop
  endfacet
  facet normal -0.688652851482546 0.41276263685142606 0.5961411374535532
    outer loop
      vertex 0.09607359468937204 11.790367177947461 41.16513807401375
      vertex 1.348243099451068 70.44456186145544 2
      vertex 0.944629882276061 69.77117389440536 2
    endloop
  endfacet
  facet normal -0.6070411968003033 0.45021243402871325 0.6548356661279202
    outer loop
      vertex 0.09607359468937204 11.790367177947461 41.16513807401375
      vertex 1.8159163713455229 71.07514627277851 2
      vertex 1.348243099451068 70.44456186145544 2
    endloop
  endfacet
  facet normal -0.5281600477660034 0.4786963624531995 0.7013535175058921
    outer loop
      vertex 0.21529832184315012 12.221744102468797 40.9639837105581
      vertex 2.3431457474827795 71.65685424953699 2
      vertex 1.8159163713455229 71.07514627277851 2
    endloop
  endfacet
  facet normal -0.4531896970438973 0.5000177791431744 0.737971082789826
    outer loop
      vertex 0.21529832184315012 12.221744102468797 40.9639837105581
      vertex 2.9 71.63407182298089 2.35740184741233
      vertex 2.3431457474827795 71.65685424953699 2
    endloop
  endfacet
  facet normal -0.3991550640170275 0.5122007514238279 0.7604772351033454
    outer loop
      vertex 0.38060233443975733 12.64045265945734 40.76873670389931
      vertex 2.9 71.60242687969006 2.378715521226811
      vertex 2.9 71.63407182298089 2.35740184741233
    endloop
  endfacet
  facet normal -0.38238577129409573 0.5155875286886639 0.7667793829860944
    outer loop
      vertex 0.38060233443975733 12.64045265945734 40.76873670389931
      vertex 2.9 60.26255007664305 10.00372368687143
      vertex 2.9 71.60242687969006 2.378715521226811
    endloop
  endfacet
  facet normal -0.9987954563744936 0.04906767088080504 0
    outer loop
      vertex -2.9802293965985882e-9 66 0
      vertex 0.03852218091488169 66.78413712233305 2
      vertex 0.03852218091488169 66.78413712233305 0
    endloop
  endfacet
  facet normal -0.9987954563744936 0.04906767088080504 0
    outer loop
      vertex -2.9802293965985882e-9 66 0
      vertex -2.9802293965985882e-9 66 2
      vertex 0.03852218091488169 66.78413712233305 2
    endloop
  endfacet
  facet normal 0 0 -1
    outer loop
      vertex -2.9802293965985882e-9 66 0
      vertex 0.03852218091488169 66.78413712233305 0
      vertex 0.1537177532911329 67.56072257459164 0
    endloop
  endfacet
  facet normal -0.989176509519683 0.14673047745596915 0
    outer loop
      vertex 0.03852218091488169 66.78413712233305 0
      vertex 0.03852218091488169 66.78413712233305 2
      vertex 0.1537177532911329 67.56072257459164 0
    endloop
  endfacet
  facet normal 0 0 -1
    outer loop
      vertex -2.9802293965985882e-9 66 0
      vertex 0.1537177532911329 67.56072257459164 0
      vertex 0.3444773077964811 68.32227741926908 0
    endloop
  endfacet
  facet normal -0.989176509519683 0.14673047745596915 0
    outer loop
      vertex 0.03852218091488169 66.78413712233305 2
      vertex 0.1537177532911329 67.56072257459164 2
      vertex 0.1537177532911329 67.56072257459164 0
    endloop
  endfacet
  facet normal 0 0 -1
    outer loop
      vertex -2.9802293965985882e-9 66 0
      vertex 0.3444773077964811 68.32227741926908 0
      vertex 0.944629882276061 69.77117389440536 0
    endloop
  endfacet
  facet normal -0.9700312542623906 0.24298017564018182 0
    outer loop
      vertex 0.1537177532911329 67.56072257459164 0
      vertex 0.1537177532911329 67.56072257459164 2
      vertex 0.3444773077964811 68.32227741926908 0
    endloop
  endfacet
  facet normal -0.9700312542623906 0.24298017564018182 0
    outer loop
      vertex 0.3444773077964811 68.32227741926908 0
      vertex 0.1537177532911329 67.56072257459164 2
      vertex 0.3444773077964811 68.32227741926908 2
    endloop
  endfacet
  facet normal -0.9415440627982694 0.3368898600571533 0
    outer loop
      vertex 0.3444773077964811 68.32227741926908 0
      vertex 0.3444773077964811 68.32227741926908 2
      vertex 0.6089637398719816 69.06146746128798 2
    endloop
  endfacet
  facet normal -0.9415440627982694 0.3368898600571533 0
    outer loop
      vertex 0.3444773077964811 68.32227741926908 0
      vertex 0.6089637398719816 69.06146746128798 2
      vertex 0.6089637398719816 69.06146746128798 0
    endloop
  endfacet
  facet normal 0 0 -1
    outer loop
      vertex 0.3444773077964811 68.32227741926908 0
      vertex 0.6089637398719816 69.06146746128798 0
      vertex 0.944629882276061 69.77117389440536 0
    endloop
  endfacet
  facet normal -0.9039892939524539 0.4275550916774867 0
    outer loop
      vertex 0.6089637398719816 69.06146746128798 0
      vertex 0.6089637398719816 69.06146746128798 2
      vertex 0.944629882276061 69.77117389440536 0
    endloop
  endfacet
  facet normal -0.9039892939524539 0.4275550916774867 0
    outer loop
      vertex 0.6089637398719816 69.06146746128798 2
      vertex 0.944629882276061 69.77117389440536 2
      vertex 0.944629882276061 69.77117389440536 0
    endloop
  endfacet
  facet normal -0.8577286087049235 0.5141027463543804 0
    outer loop
      vertex 0.944629882276061 69.77117389440536 0
      vertex 0.944629882276061 69.77117389440536 2
      vertex 1.348243099451068 70.44456186145544 2
    endloop
  endfacet
  facet normal 0 0 -1
    outer loop
      vertex 0.944629882276061 69.77117389440536 0
      vertex 1.348243099451068 70.44456186145544 0
      vertex 1.8159163713455229 71.07514627277851 0
    endloop
  endfacet
  facet normal -0.8577286087049235 0.5141027463543804 0
    outer loop
      vertex 0.944629882276061 69.77117389440536 0
      vertex 1.348243099451068 70.44456186145544 2
      vertex 1.348243099451068 70.44456186145544 0
    endloop
  endfacet
  facet normal -0.8032075322326659 0.5956993034784503 0
    outer loop
      vertex 1.348243099451068 70.44456186145544 0
      vertex 1.348243099451068 70.44456186145544 2
      vertex 1.8159163713455229 71.07514627277851 0
    endloop
  endfacet
  facet normal 0 0 -1
    outer loop
      vertex 0.944629882276061 69.77117389440536 0
      vertex 1.8159163713455229 71.07514627277851 0
      vertex 2.3431457474827795 71.65685424953699 0
    endloop
  endfacet
  facet normal -0.8032075322326659 0.5956993034784503 0
    outer loop
      vertex 1.8159163713455229 71.07514627277851 0
      vertex 1.348243099451068 70.44456186145544 2
      vertex 1.8159163713455229 71.07514627277851 2
    endloop
  endfacet
  facet normal -0.7409511264917886 0.6715589535927202 0
    outer loop
      vertex 1.8159163713455229 71.07514627277851 0
      vertex 2.3431457474827795 71.65685424953699 2
      vertex 2.3431457474827795 71.65685424953699 0
    endloop
  endfacet
  facet normal -0.7409511264917886 0.6715589535927202 0
    outer loop
      vertex 1.8159163713455229 71.07514627277851 0
      vertex 1.8159163713455229 71.07514627277851 2
      vertex 2.3431457474827795 71.65685424953699 2
    endloop
  endfacet
  facet normal -0.6715589535927202 0.7409511264917886 0
    outer loop
      vertex 2.3431457474827795 71.65685424953699 0
      vertex 2.3431457474827795 71.65685424953699 2
      vertex 2.9 72.16155752314523 0
    endloop
  endfacet
  facet normal -0.6715589535927202 0.7409511264917886 1.5987088434379358e-17
    outer loop
      vertex 2.3431457474827795 71.65685424953699 2
      vertex 2.9 72.16155752314523 2
      vertex 2.9 72.16155752314523 0
    endloop
  endfacet
  facet normal -0.45318969704389656 0.5000177791431766 0.737971082789825
    outer loop
      vertex 2.3431457474827795 71.65685424953699 2
      vertex 2.9 71.63407182298089 2.35740184741233
      vertex 2.9 72.16155752314523 2
    endloop
  endfacet
  facet normal -0.30358438848159686 0.5282060382920588 0.7929911097749225
    outer loop
      vertex 0.38060233443975733 12.64045265945734 40.76873670389931
      vertex 2.9 51.13749135124988 16.090630918726966
      vertex 2.9 52.19355850030129 15.387191702202628
    endloop
  endfacet
  facet normal 0.6715589535927201 -0.7409511264917887 0
    outer loop
      vertex 69.55685425251723 2.343145750463009 0
      vertex 69.55685425251723 2.343145750463009 2
      vertex 69.00000000000001 1.8384424768547738 0
    endloop
  endfacet
  facet normal 0.6715589535927201 -0.7409511264917887 -8.92302294149418e-18
    outer loop
      vertex 69.55685425251723 2.343145750463009 2
      vertex 69.00000000000001 1.8384424768547738 2
      vertex 69.00000000000001 1.8384424768547738 0
    endloop
  endfacet
  facet normal 0.6707690604951915 -0.7400796137566954 0.04848744975907456
    outer loop
      vertex 69.55685425251723 2.343145750463009 2
      vertex 69.00000000000001 1.885169534379577 2.71321017823733
      vertex 69.00000000000001 1.8384424768547738 2
    endloop
  endfacet
  facet normal 0 0 -1
    outer loop
      vertex 69.55685425251723 2.343145750463009 0
      vertex 70.55175690054894 3.5554381385445595 0
      vertex 70.08408362865448 2.924853727221489 0
    endloop
  endfacet
  facet normal 0.7409511264917886 -0.6715589535927202 0
    outer loop
      vertex 69.55685425251723 2.343145750463009 0
      vertex 70.08408362865448 2.924853727221489 0
      vertex 69.55685425251723 2.343145750463009 2
    endloop
  endfacet
  facet normal 0.7409511264917886 -0.6715589535927202 0
    outer loop
      vertex 69.55685425251723 2.343145750463009 2
      vertex 70.08408362865448 2.924853727221489 0
      vertex 70.08408362865448 2.924853727221489 2
    endloop
  endfacet
  facet normal 0 0 -1
    outer loop
      vertex 69.55685425251723 2.343145750463009 0
      vertex 70.95537011772394 4.228826105594635 0
      vertex 70.55175690054894 3.5554381385445595 0
    endloop
  endfacet
  facet normal 0.8032075322326659 -0.5956993034784503 0
    outer loop
      vertex 70.08408362865448 2.924853727221489 0
      vertex 70.55175690054894 3.5554381385445595 0
      vertex 70.55175690054894 3.5554381385445595 2
    endloop
  endfacet
  facet normal 0.8577286087049235 -0.5141027463543804 0
    outer loop
      vertex 70.55175690054894 3.5554381385445595 0
      vertex 70.95537011772394 4.228826105594635 0
      vertex 70.55175690054894 3.5554381385445595 2
    endloop
  endfacet
  facet normal 0.8032075322326659 -0.5956993034784503 0
    outer loop
      vertex 70.08408362865448 2.924853727221489 0
      vertex 70.55175690054894 3.5554381385445595 2
      vertex 70.08408362865448 2.924853727221489 2
    endloop
  endfacet
  facet normal 0.8577286087049235 -0.5141027463543804 0
    outer loop
      vertex 70.95537011772394 4.228826105594635 0
      vertex 70.95537011772394 4.228826105594635 2
      vertex 70.55175690054894 3.5554381385445595 2
    endloop
  endfacet
  facet normal 0 0 -1
    outer loop
      vertex 69.55685425251723 2.343145750463009 0
      vertex 71.86147781908512 7.21586287766695 0
      vertex 70.95537011772394 4.228826105594635 0
    endloop
  endfacet
  facet normal 0 0 -1
    outer loop
      vertex 70.95537011772394 4.228826105594635 0
      vertex 71.55552269220352 5.677722580730915 0
      vertex 71.29103626012802 4.938532538712025 0
    endloop
  endfacet
  facet normal 0.9039892939524539 -0.4275550916774867 0
    outer loop
      vertex 70.95537011772394 4.228826105594635 0
      vertex 71.29103626012802 4.938532538712025 0
      vertex 71.29103626012802 4.938532538712025 2
    endloop
  endfacet
  facet normal 0.9039892939524539 -0.4275550916774867 0
    outer loop
      vertex 70.95537011772394 4.228826105594635 0
      vertex 71.29103626012802 4.938532538712025 2
      vertex 70.95537011772394 4.228826105594635 2
    endloop
  endfacet
  facet normal 0 0 -1
    outer loop
      vertex 70.95537011772394 4.228826105594635 0
      vertex 71.86147781908512 7.21586287766695 0
      vertex 71.55552269220352 5.677722580730915 0
    endloop
  endfacet
  facet normal 0.9415440627982694 -0.3368898600571533 0
    outer loop
      vertex 71.29103626012802 4.938532538712025 0
      vertex 71.55552269220352 5.677722580730915 0
      vertex 71.29103626012802 4.938532538712025 2
    endloop
  endfacet
  facet normal 0.9700312542623906 -0.24298017564018182 0
    outer loop
      vertex 71.55552269220352 5.677722580730915 0
      vertex 71.74628224670887 6.439277425408363 0
      vertex 71.74628224670887 6.439277425408363 2
    endloop
  endfacet
  facet normal 0.9415440627982694 -0.3368898600571533 0
    outer loop
      vertex 71.55552269220352 5.677722580730915 0
      vertex 71.55552269220352 5.677722580730915 2
      vertex 71.29103626012802 4.938532538712025 2
    endloop
  endfacet
  facet normal 0.9700312542623906 -0.24298017564018182 0
    outer loop
      vertex 71.55552269220352 5.677722580730915 0
      vertex 71.74628224670887 6.439277425408363 2
      vertex 71.55552269220352 5.677722580730915 2
    endloop
  endfacet
  facet normal 0 0 -1
    outer loop
      vertex 71.55552269220352 5.677722580730915 0
      vertex 71.86147781908512 7.21586287766695 0
      vertex 71.74628224670887 6.439277425408363 0
    endloop
  endfacet
  facet normal 0.989176509519683 -0.14673047745596915 0
    outer loop
      vertex 71.74628224670887 6.439277425408363 0
      vertex 71.86147781908512 7.21586287766695 0
      vertex 71.74628224670887 6.439277425408363 2
    endloop
  endfacet
  facet normal 0.989176509519683 -0.14673047745596915 0
    outer loop
      vertex 71.74628224670887 6.439277425408363 2
      vertex 71.86147781908512 7.21586287766695 0
      vertex 71.86147781908512 7.21586287766695 2
    endloop
  endfacet
  facet normal 0.9987954563744936 -0.04906767088080504 0
    outer loop
      vertex 71.86147781908512 7.21586287766695 0
      vertex 71.90000000298024 8 0
      vertex 71.90000000298024 8 2
    endloop
  endfacet
  facet normal 0.9987954563744936 -0.04906767088080504 0
    outer loop
      vertex 71.86147781908512 7.21586287766695 0
      vertex 71.90000000298024 8 2
      vertex 71.86147781908512 7.21586287766695 2
    endloop
  endfacet
  facet normal 0.6455999941456195 -0.7619381440101881 0.05148701060933561
    outer loop
      vertex 70.43553390800953 5.885184120885796 43.90773637713912
      vertex 69.00000000000001 1.901357927225846 2.9527765048470553
      vertex 69.00000000000001 1.885169534379577 2.71321017823733
    endloop
  endfacet
  facet normal 0.740334329670235 -0.670999921541547 0.04079443102877409
    outer loop
      vertex 69.55685425251723 2.343145750463009 2
      vertex 70.08408362865448 2.924853727221489 2
      vertex 70.76505227088929 6.214688164928326 43.75408611800905
    endloop
  endfacet
  facet normal 0.6707690604951915 -0.7400796137566954 0.04848744975907465
    outer loop
      vertex 69.55685425251723 2.343145750463009 2
      vertex 70.43553390800953 5.885184120885796 43.90773637713912
      vertex 69.00000000000001 1.885169534379577 2.71321017823733
    endloop
  endfacet
  facet normal 0.8027587510476326 -0.595366464668292 0.03342394897112695
    outer loop
      vertex 70.08408362865448 2.924853727221489 2
      vertex 70.55175690054894 3.5554381385445595 2
      vertex 71.05734806209803 6.571877888874894 43.5875258143185
    endloop
  endfacet
  facet normal 0.8574278867909616 -0.5139225005746689 0.02647795982067901
    outer loop
      vertex 70.55175690054894 3.5554381385445595 2
      vertex 70.95537011772394 4.228826105594635 2
      vertex 71.30960632562638 6.953313363615374 43.40965953135502
    endloop
  endfacet
  facet normal 0.9038074836000143 -0.4274691017853217 0.020054914795629902
    outer loop
      vertex 70.95537011772394 4.228826105594635 2
      vertex 71.29103626012802 4.938532538712025 2
      vertex 71.51939766556025 7.355321157925253 43.22220021823033
    endloop
  endfacet
  facet normal 0.941448493361884 -0.3368556647652686 0.014247647601886826
    outer loop
      vertex 71.29103626012802 4.938532538712025 2
      vertex 71.55552269220352 5.677722580730915 2
      vertex 71.68470167815686 7.774029714913796 43.02695321157154
    endloop
  endfacet
  facet normal 0.9699907235989709 -0.2429700232376966 0.0091413314029177
    outer loop
      vertex 71.55552269220352 5.677722580730915 2
      vertex 71.74628224670887 6.439277425408363 2
      vertex 71.80392640531063 8.205406639435132 42.82579884811589
    endloop
  endfacet
  facet normal 1 0 0
    outer loop
      vertex 71.90000000298024 8 0
      vertex 71.90000000298024 9.09369221296335 42.4226182617407
      vertex 71.90000000298024 8 2
    endloop
  endfacet
  facet normal 0.9891650590585366 -0.14672877894047173 0.004811586885840602
    outer loop
      vertex 71.74628224670887 6.439277425408363 2
      vertex 71.86147781908512 7.21586287766695 2
      vertex 71.87592363804579 8.645297545331292 42.62067434994377
    endloop
  endfacet
  facet normal 0.9987945825782921 -0.04906762795395334 0.0013227619694003276
    outer loop
      vertex 71.86147781908512 7.21586287766695 2
      vertex 71.90000000298024 8 2
      vertex 71.90000000298024 9.089466030345942 42.413555183870336
    endloop
  endfacet
  facet normal 0.046381055495183246 -0.9935768115675572 0.10321781438491938
    outer loop
      vertex 66.90000000298024 4.557927095162694 44.52664649257383
      vertex 64.36966607286881 0.7135679018745619 8.657774307902555
      vertex 64.44666697188721 0.7173453620936645 8.659535766531098
    endloop
  endfacet
  facet normal 0.048806654087249234 -0.9934823371095898 0.10300852570576367
    outer loop
      vertex 67.39008570164442 4.5797476921863165 44.5164713810762
      vertex 64.44666697188721 0.7173453620936645 8.659535766531098
      vertex 65.10899608959829 0.751536608083904 8.675479406378207
    endloop
  endfacet
  facet normal 0.13855533161339026 -0.9856459746541141 0.09645948750457337
    outer loop
      vertex 67.39008570164442 4.5797476921863165 44.5164713810762
      vertex 65.10899608959829 0.751536608083904 8.675479406378207
      vertex 65.18595894646276 0.762872844483499 8.680765580225994
    endloop
  endfacet
  facet normal 0.1460558069434676 -0.9846282504653544 0.09578574864575568
    outer loop
      vertex 67.87545161396265 4.64499934485928 44.48604403572753
      vertex 65.18595894646276 0.762872844483499 8.680765580225994
      vertex 65.84313570656678 0.8649880560049801 8.728382685372582
    endloop
  endfacet
  facet normal 0.2294902887308703 -0.9691953664761306 0.08941224177606094
    outer loop
      vertex 67.87545161396265 4.64499934485928 44.48604403572753
      vertex 65.84313570656678 0.8649880560049801 8.728382685372582
      vertex 65.91965887394076 0.8839220620171727 8.737211757375619
    endloop
  endfacet
  facet normal 0.24203240392979902 -0.9662475374280819 0.08823838089023343
    outer loop
      vertex 68.35142338722945 4.753053643486068 44.43565748878129
      vertex 65.91965887394076 0.8839220620171727 8.737211757375619
      vertex 66.56425263554763 1.0525658385325918 8.815851641864937
    endloop
  endfacet
  facet normal 0.3186406420220639 -0.9443119889339461 0.08211582555988785
    outer loop
      vertex 68.81341716349125 4.902869957330778 44.36579699431895
      vertex 66.56425263554763 1.0525658385325918 8.815851641864937
      vertex 66.63990134027242 1.0791709155412113 8.82825779301986
    endloop
  endfacet
  facet normal 0.594751112026365 -0.8019290440560517 0.05639967236384781
    outer loop
      vertex 70.07196642160416 5.586539062636307 44.046996854871004
      vertex 69.00000000000001 2.356470108400684 9.423872188405433
      vertex 69.00000000000001 1.901357927225846 2.9527765048470553
    endloop
  endfacet
  facet normal 0.3357981431401435 -0.9384929184827624 0.08044034448794164
    outer loop
      vertex 68.81341716349125 4.902869957330778 44.36579699431895
      vertex 66.63990134027242 1.0791709155412113 8.82825779301986
      vertex 67.26469995151146 1.312034599448281 8.936843912131913
    endloop
  endfacet
  facet normal 0.40544568363274874 -0.9110687168510135 0.07461629043996286
    outer loop
      vertex 69.25698368698359 5.093005482365699 44.27713534290784
      vertex 67.26469995151146 1.312034599448281 8.936843912131913
      vertex 67.33898665677981 1.3464065018874836 8.95287179346467
    endloop
  endfacet
  facet normal 0.42643075503046407 -0.9016120838303318 0.07247386739560006
    outer loop
      vertex 69.25698368698359 5.093005482365699 44.27713534290784
      vertex 67.33898665677981 1.3464065018874836 8.95287179346467
      vertex 67.9371160387964 1.6403172854149555 9.089924642637866
    endloop
  endfacet
  facet normal 0.4893116726648368 -0.869534028581565 0.06696760509868531
    outer loop
      vertex 69.67785116732121 5.321629110945784 44.17052639406577
      vertex 67.9371160387964 1.6403172854149555 9.089924642637866
      vertex 68.0094840282496 1.6825578037213131 9.109621719808557
    endloop
  endfacet
  facet normal 0.5130346094200009 -0.8559465299023473 0.0644284679733831
    outer loop
      vertex 69.67785116732121 5.321629110945784 44.17052639406577
      vertex 68.0094840282496 1.6825578037213131 9.109621719808557
      vertex 68.57451868359112 2.033546138927021 9.273290268438052
    endloop
  endfacet
  facet normal 0.5695968383025851 -0.8197870915868763 0.059233151724596776
    outer loop
      vertex 70.07196642160416 5.586539062636307 44.046996854871004
      vertex 68.57451868359112 2.033546138927021 9.273290268438052
      vertex 68.64432996674434 2.083743035982287 9.296697465950542
    endloop
  endfacet
  facet normal 0.594751112026371 -0.8019290440560473 0.056399672363847214
    outer loop
      vertex 70.07196642160416 5.586539062636307 44.046996854871004
      vertex 68.64432996674434 2.083743035982287 9.296697465950542
      vertex 69.00000000000001 2.356470108400684 9.423872188405433
    endloop
  endfacet
  facet normal 0 0 -1
    outer loop
      vertex 69.55685425251723 2.343145750463009 0
      vertex 69.00000000000001 1.8384424768547738 0
      vertex 69.00000000000001 72.16155752314522 0
    endloop
  endfacet
  facet normal 0 0 -1
    outer loop
      vertex 69.55685425251723 2.343145750463009 0
      vertex 69.00000000000001 72.16155752314522 0
      vertex 71.86147781908512 7.21586287766695 0
    endloop
  endfacet
  facet normal 0 0 -1
    outer loop
      vertex 71.86147781908512 7.21586287766695 0
      vertex 71.90000000298024 66 0
      vertex 71.90000000298024 8 0
    endloop
  endfacet
  facet normal 1 0 0
    outer loop
      vertex 71.90000000298024 8 0
      vertex 71.90000000298024 66 0
      vertex 71.90000000298024 9.09369221296335 42.4226182617407
    endloop
  endfacet
  facet normal 0 -0.9943054366414023 0.10656781252024684
    outer loop
      vertex 4.999999997019771 4.557927095162694 44.52664649257383
      vertex 64.36966607286881 0.7135679018745619 8.657774307902555
      vertex 66.90000000298024 4.557927095162694 44.52664649257383
    endloop
  endfacet
  facet normal 0 -0.906307787036648 0.4226182617407035
    outer loop
      vertex 4.999999997019771 4.557927095162694 44.52664649257383
      vertex 66.90000000298024 4.557927095162694 44.52664649257383
      vertex 66.90000000298024 4.562153277780101 44.5357095704442
    endloop
  endfacet
  facet normal 0 0.4226182617406992 0.9063077870366502
    outer loop
      vertex 4.999999997019771 4.562153277780101 44.5357095704442
      vertex 66.90000000298024 4.562153277780101 44.5357095704442
      vertex 71.90000000298024 9.09369221296335 42.4226182617407
    endloop
  endfacet
  facet normal 1.614738697256875e-16 0.42261826174070416 0.9063077870366477
    outer loop
      vertex 71.90000000298024 9.09369221296335 42.4226182617407
      vertex 55.900000002980235 10 42
      vertex 15.99999999701977 10 42.00000000000001
    endloop
  endfacet
  facet normal 0.046381055495183905 -0.9935768115675573 0.10321781438491957
    outer loop
      vertex 66.90000000298024 4.557927095162694 44.52664649257383
      vertex 64.44666697188721 0.7173453620936645 8.659535766531098
      vertex 67.39008570164442 4.5797476921863165 44.5164713810762
    endloop
  endfacet
  facet normal 0.138555331613399 -0.9856459746541131 0.09645948750457267
    outer loop
      vertex 67.39008570164442 4.5797476921863165 44.5164713810762
      vertex 65.18595894646276 0.762872844483499 8.680765580225994
      vertex 67.87545161396265 4.64499934485928 44.48604403572753
    endloop
  endfacet
  facet normal 0.2294902887308487 -0.9691953664761356 0.08941224177606234
    outer loop
      vertex 67.87545161396265 4.64499934485928 44.48604403572753
      vertex 65.91965887394076 0.8839220620171727 8.737211757375619
      vertex 68.35142338722945 4.753053643486068 44.43565748878129
    endloop
  endfacet
  facet normal 0.7165541202761734 -0.6961540406133321 0.04381488848519796
    outer loop
      vertex 69.55685425251723 2.343145750463009 2
      vertex 70.76505227088929 6.214688164928326 43.75408611800905
      vertex 70.43553390800953 5.885184120885796 43.90773637713912
    endloop
  endfacet
  facet normal 0.645599994145662 -0.7619381440101524 0.051487010609331516
    outer loop
      vertex 70.07196642160416 5.586539062636307 44.046996854871004
      vertex 69.00000000000001 1.901357927225846 2.9527765048470553
      vertex 70.43553390800953 5.885184120885796 43.90773637713912
    endloop
  endfacet
  facet normal 0.3186406420220395 -0.9443119889339538 0.08211582555989062
    outer loop
      vertex 68.35142338722945 4.753053643486068 44.43565748878129
      vertex 66.56425263554763 1.0525658385325918 8.815851641864937
      vertex 68.81341716349125 4.902869957330778 44.36579699431895
    endloop
  endfacet
  facet normal 0.4054456836327212 -0.9110687168510253 0.07461629043996583
    outer loop
      vertex 68.81341716349125 4.902869957330778 44.36579699431895
      vertex 67.26469995151146 1.312034599448281 8.936843912131913
      vertex 69.25698368698359 5.093005482365699 44.27713534290784
    endloop
  endfacet
  facet normal 0.4893116726648052 -0.8695340285815827 0.06696760509868854
    outer loop
      vertex 69.25698368698359 5.093005482365699 44.27713534290784
      vertex 67.9371160387964 1.6403172854149555 9.089924642637866
      vertex 69.67785116732121 5.321629110945784 44.17052639406577
    endloop
  endfacet
  facet normal 0.5695968383025823 -0.8197870915868782 0.05923315172459741
    outer loop
      vertex 69.67785116732121 5.321629110945784 44.17052639406577
      vertex 68.57451868359112 2.033546138927021 9.273290268438052
      vertex 70.07196642160416 5.586539062636307 44.046996854871004
    endloop
  endfacet
  facet normal 0.7816270833037772 -0.6226880140999552 0.03631445638150377
    outer loop
      vertex 70.08408362865448 2.924853727221489 2
      vertex 71.05734806209803 6.571877888874894 43.5875258143185
      vertex 70.76505227088929 6.214688164928326 43.75408611800905
    endloop
  endfacet
  facet normal 0.8399312383985561 -0.5419123569291857 0.029094882191248526
    outer loop
      vertex 70.55175690054894 3.5554381385445595 2
      vertex 71.30960632562638 6.953313363615374 43.40965953135502
      vertex 71.05734806209803 6.571877888874894 43.5875258143185
    endloop
  endfacet
  facet normal 0.8905440921223029 -0.4543512215701408 0.022275265290994394
    outer loop
      vertex 70.95537011772394 4.228826105594635 2
      vertex 71.51939766556025 7.355321157925253 43.22220021823033
      vertex 71.30960632562638 6.953313363615374 43.40965953135502
    endloop
  endfacet
  facet normal 0.9325410646475327 -0.3607100579254033 0.015981766407323707
    outer loop
      vertex 71.29103626012802 4.938532538712025 2
      vertex 71.68470167815686 7.774029714913796 43.02695321157154
      vertex 71.51939766556025 7.355321157925253 43.22220021823033
    endloop
  endfacet
  facet normal 0.9650405405437743 -0.26189649107831714 0.01034326195380146
    outer loop
      vertex 71.55552269220352 5.677722580730915 2
      vertex 71.80392640531063 8.205406639435132 42.82579884811589
      vertex 71.68470167815686 7.774029714913796 43.02695321157154
    endloop
  endfacet
  facet normal 0.9872589379051145 -0.15902734969656193 0.005485578816569224
    outer loop
      vertex 71.74628224670887 6.439277425408363 2
      vertex 71.87592363804579 8.645297545331292 42.62067434994377
      vertex 71.80392640531063 8.205406639435132 42.82579884811589
    endloop
  endfacet
  facet normal 0.9985711245290725 -0.05341708334941744 0.0015246190293973394
    outer loop
      vertex 71.86147781908512 7.21586287766695 2
      vertex 71.90000000298024 9.089466030345942 42.413555183870336
      vertex 71.87592363804579 8.645297545331292 42.62067434994377
    endloop
  endfacet
  facet normal 1 0 0
    outer loop
      vertex 71.90000000298024 8 2
      vertex 71.90000000298024 9.09369221296335 42.4226182617407
      vertex 71.90000000298024 9.089466030345942 42.413555183870336
    endloop
  endfacet
  facet normal -1.3379746343767057e-15 0.4226182617406824 0.9063077870366579
    outer loop
      vertex 71.90000000298024 9.09369221296335 42.4226182617407
      vertex 56.684137125313285 10.038522183895111 41.98203681064086
      vertex 55.900000002980235 10 42
    endloop
  endfacet
  facet normal -2.289717416239498e-15 0.42261826174066947 0.9063077870366639
    outer loop
      vertex 71.90000000298024 9.09369221296335 42.4226182617407
      vertex 57.46072257757187 10.153717756271362 41.92832023305627
      vertex 56.684137125313285 10.038522183895111 41.98203681064086
    endloop
  endfacet
  facet normal 7.772740785497415e-16 0.42261826174070394 0.9063077870366479
    outer loop
      vertex 71.90000000298024 9.09369221296335 42.4226182617407
      vertex 58.22227742224932 10.34447731077671 41.83936759192419
      vertex 57.46072257757187 10.153717756271362 41.92832023305627
    endloop
  endfacet
  facet normal 0.049067671159865205 -0.9052160997566013 0.4221091996017073
    outer loop
      vertex 66.90000000298024 4.562153277780101 44.5357095704442
      vertex 66.90000000298024 4.557927095162694 44.52664649257383
      vertex 67.39008570164442 4.583973874803723 44.52553445894657
    endloop
  endfacet
  facet normal 0.04906767115986521 -0.9052160997566016 0.4221091996017073
    outer loop
      vertex 66.90000000298024 4.557927095162694 44.52664649257383
      vertex 67.39008570164442 4.5797476921863165 44.5164713810762
      vertex 67.39008570164442 4.583973874803723 44.52553445894657
    endloop
  endfacet
  facet normal 7.1765640592256e-15 0.42261826174062206 0.906307787036686
    outer loop
      vertex 66.90000000298024 4.562153277780101 44.5357095704442
      vertex 67.39008570164442 4.583973874803723 44.52553445894657
      vertex 67.87545161396265 4.649225527476687 44.495107113597896
    endloop
  endfacet
  facet normal 0.1467304760785409 -0.8964983735165984 0.41804405709429515
    outer loop
      vertex 67.39008570164442 4.583973874803723 44.52553445894657
      vertex 67.39008570164442 4.5797476921863165 44.5164713810762
      vertex 67.87545161396265 4.649225527476687 44.495107113597896
    endloop
  endfacet
  facet normal 0.1467304760785409 -0.8964983735165984 0.41804405709429504
    outer loop
      vertex 67.39008570164442 4.5797476921863165 44.5164713810762
      vertex 67.87545161396265 4.64499934485928 44.48604403572753
      vertex 67.87545161396265 4.649225527476687 44.495107113597896
    endloop
  endfacet
  facet normal 0.24298018859287276 -0.8791468764664335 0.4099529211393493
    outer loop
      vertex 67.87545161396265 4.64499934485928 44.48604403572753
      vertex 68.35142338722945 4.753053643486068 44.43565748878129
      vertex 67.87545161396265 4.649225527476687 44.495107113597896
    endloop
  endfacet
  facet normal 0.24298018859287276 -0.8791468764664334 0.4099529211393492
    outer loop
      vertex 67.87545161396265 4.649225527476687 44.495107113597896
      vertex 68.35142338722945 4.753053643486068 44.43565748878129
      vertex 68.35142338722945 4.757279826103475 44.444720566651654
    endloop
  endfacet
  facet normal 3.071073411310191e-14 0.42261826174061606 0.9063077870366889
    outer loop
      vertex 67.87545161396265 4.649225527476687 44.495107113597896
      vertex 68.35142338722945 4.757279826103475 44.444720566651654
      vertex 68.81341716349125 4.907096139948185 44.374860072189314
    endloop
  endfacet
  facet normal 0.33688984659619564 -0.8533287203173423 0.39791371720758634
    outer loop
      vertex 68.35142338722945 4.757279826103475 44.444720566651654
      vertex 68.35142338722945 4.753053643486068 44.43565748878129
      vertex 68.81341716349125 4.902869957330778 44.36579699431895
    endloop
  endfacet
  facet normal -1.609123613725921e-15 0.422618261740703 0.9063077870366484
    outer loop
      vertex 66.90000000298024 4.562153277780101 44.5357095704442
      vertex 67.87545161396265 4.649225527476687 44.495107113597896
      vertex 70.43553390800953 5.889410303503203 43.91679945500949
    endloop
  endfacet
  facet normal 0.3368898465961952 -0.8533287203173422 0.3979137172075868
    outer loop
      vertex 68.35142338722945 4.757279826103475 44.444720566651654
      vertex 68.81341716349125 4.902869957330778 44.36579699431895
      vertex 68.81341716349125 4.907096139948185 44.374860072189314
    endloop
  endfacet
  facet normal 0.4275550910277542 -0.8192925367853793 0.3820423841722627
    outer loop
      vertex 68.81341716349125 4.907096139948185 44.374860072189314
      vertex 68.81341716349125 4.902869957330778 44.36579699431895
      vertex 69.25698368698359 5.093005482365699 44.27713534290784
    endloop
  endfacet
  facet normal 5.931045437340255e-15 0.4226182617406901 0.9063077870366543
    outer loop
      vertex 67.87545161396265 4.649225527476687 44.495107113597896
      vertex 68.81341716349125 4.907096139948185 44.374860072189314
      vertex 70.43553390800953 5.889410303503203 43.91679945500949
    endloop
  endfacet
  facet normal 0.42755509102775374 -0.8192925367853794 0.3820423841722632
    outer loop
      vertex 68.81341716349125 4.907096139948185 44.374860072189314
      vertex 69.25698368698359 5.093005482365699 44.27713534290784
      vertex 69.25698368698359 5.097231664983106 44.286198420778206
    endloop
  endfacet
  facet normal 0.5141027497065666 -0.7773661154124076 0.3624917728070125
    outer loop
      vertex 69.25698368698359 5.097231664983106 44.286198420778206
      vertex 69.25698368698359 5.093005482365699 44.27713534290784
      vertex 69.67785116732121 5.321629110945784 44.17052639406577
    endloop
  endfacet
  facet normal 2.407758468996567e-14 0.4226182617406656 0.9063077870366657
    outer loop
      vertex 68.81341716349125 4.907096139948185 44.374860072189314
      vertex 69.25698368698359 5.097231664983106 44.286198420778206
      vertex 70.43553390800953 5.889410303503203 43.91679945500949
    endloop
  endfacet
  facet normal 0.5141027497065667 -0.7773661154124072 0.3624917728070132
    outer loop
      vertex 69.25698368698359 5.097231664983106 44.286198420778206
      vertex 69.67785116732121 5.321629110945784 44.17052639406577
      vertex 69.67785116732121 5.32585529356319 44.17958947193613
    endloop
  endfacet
  facet normal 0.7409511245144412 -0.6086391110725039 0.2838130785458224
    outer loop
      vertex 70.76505227088929 6.214688164928326 43.75408611800905
      vertex 70.76505227088929 6.218914347545733 43.763149195879414
      vertex 70.43553390800953 5.889410303503203 43.91679945500949
    endloop
  endfacet
  facet normal 3.817939899252241e-14 0.4226182617406696 0.9063077870366639
    outer loop
      vertex 70.76505227088929 6.218914347545733 43.763149195879414
      vertex 71.05734806209803 6.576104071492301 43.59658889218886
      vertex 70.43553390800953 5.889410303503203 43.91679945500949
    endloop
  endfacet
  facet normal -6.471042396434254e-14 0.42261826174078243 0.9063077870366112
    outer loop
      vertex 69.25698368698359 5.097231664983106 44.286198420778206
      vertex 69.67785116732121 5.32585529356319 44.17958947193613
      vertex 70.07196642160416 5.5907652452537135 44.05605993274137
    endloop
  endfacet
  facet normal 0.5956993013048968 -0.7279532425299383 0.33945017177047726
    outer loop
      vertex 69.67785116732121 5.32585529356319 44.17958947193613
      vertex 69.67785116732121 5.321629110945784 44.17052639406577
      vertex 70.07196642160416 5.5907652452537135 44.05605993274137
    endloop
  endfacet
  facet normal -1.9266344485899517e-15 0.42261826174069733 0.9063077870366508
    outer loop
      vertex 69.25698368698359 5.097231664983106 44.286198420778206
      vertex 70.07196642160416 5.5907652452537135 44.05605993274137
      vertex 70.43553390800953 5.889410303503203 43.91679945500949
    endloop
  endfacet
  facet normal 0.6715589557743868 -0.6715297739609991 0.31313947627711275
    outer loop
      vertex 70.07196642160416 5.5907652452537135 44.05605993274137
      vertex 70.07196642160416 5.586539062636307 44.046996854871004
      vertex 70.43553390800953 5.889410303503203 43.91679945500949
    endloop
  endfacet
  facet normal 0.5956993013048971 -0.7279532425299381 0.339450171770477
    outer loop
      vertex 69.67785116732121 5.321629110945784 44.17052639406577
      vertex 70.07196642160416 5.586539062636307 44.046996854871004
      vertex 70.07196642160416 5.5907652452537135 44.05605993274137
    endloop
  endfacet
  facet normal 0.671558955774387 -0.6715297739609992 0.31313947627711247
    outer loop
      vertex 70.07196642160416 5.586539062636307 44.046996854871004
      vertex 70.43553390800953 5.885184120885796 43.90773637713912
      vertex 70.43553390800953 5.889410303503203 43.91679945500949
    endloop
  endfacet
  facet normal 0.7409511245144407 -0.6086391110725268 0.28381307854577487
    outer loop
      vertex 70.76505227088929 6.214688164928326 43.75408611800905
      vertex 70.43553390800953 5.889410303503203 43.91679945500949
      vertex 70.43553390800953 5.885184120885796 43.90773637713912
    endloop
  endfacet
  facet normal 2.3394500228405396e-16 0.4226182617406989 0.9063077870366503
    outer loop
      vertex 66.90000000298024 4.562153277780101 44.5357095704442
      vertex 70.43553390800953 5.889410303503203 43.91679945500949
      vertex 71.90000000298024 9.09369221296335 42.4226182617407
    endloop
  endfacet
  facet normal 0.8577286066957004 -0.46593532539601457 0.21726921043710407
    outer loop
      vertex 71.05734806209803 6.576104071492301 43.59658889218886
      vertex 71.30960632562638 6.953313363615374 43.40965953135502
      vertex 71.30960632562638 6.9575395462327805 43.418722609225384
    endloop
  endfacet
  facet normal -5.726785808211521e-14 0.4226182617407408 0.9063077870366305
    outer loop
      vertex 70.43553390800953 5.889410303503203 43.91679945500949
      vertex 71.05734806209803 6.576104071492301 43.59658889218886
      vertex 71.30960632562638 6.9575395462327805 43.418722609225384
    endloop
  endfacet
  facet normal 0.8032075338446829 -0.5398869155049193 0.25175340323762657
    outer loop
      vertex 70.76505227088929 6.214688164928326 43.75408611800905
      vertex 71.05734806209803 6.571877888874894 43.5875258143185
      vertex 71.05734806209803 6.576104071492301 43.59658889218886
    endloop
  endfacet
  facet normal 0.8032075338446821 -0.5398869155048994 0.25175340323767115
    outer loop
      vertex 70.76505227088929 6.214688164928326 43.75408611800905
      vertex 71.05734806209803 6.576104071492301 43.59658889218886
      vertex 70.76505227088929 6.218914347545733 43.763149195879414
    endloop
  endfacet
  facet normal 0.8577286066957006 -0.46593532539601373 0.21726921043710495
    outer loop
      vertex 71.05734806209803 6.576104071492301 43.59658889218886
      vertex 71.05734806209803 6.571877888874894 43.5875258143185
      vertex 71.30960632562638 6.953313363615374 43.40965953135502
    endloop
  endfacet
  facet normal 1.0308029455858716e-14 0.4226182617406952 0.9063077870366519
    outer loop
      vertex 70.43553390800953 5.889410303503203 43.91679945500949
      vertex 71.30960632562638 6.9575395462327805 43.418722609225384
      vertex 71.90000000298024 9.09369221296335 42.4226182617407
    endloop
  endfacet
  facet normal 0.9039892942597544 -0.3874965083856166 0.18069258936853777
    outer loop
      vertex 71.30960632562638 6.9575395462327805 43.418722609225384
      vertex 71.30960632562638 6.953313363615374 43.40965953135502
      vertex 71.51939766556025 7.35954734054266 43.23126329610069
    endloop
  endfacet
  facet normal 0.9039892942597543 -0.38749650838561706 0.18069258936853708
    outer loop
      vertex 71.30960632562638 6.953313363615374 43.40965953135502
      vertex 71.51939766556025 7.355321157925253 43.22220021823033
      vertex 71.51939766556025 7.35954734054266 43.23126329610069
    endloop
  endfacet
  facet normal -1.4267729529294873e-13 0.4226182617407509 0.9063077870366258
    outer loop
      vertex 71.68470167815686 7.778255897531203 43.0360162894419
      vertex 71.30960632562638 6.9575395462327805 43.418722609225384
      vertex 71.51939766556025 7.35954734054266 43.23126329610069
    endloop
  endfacet
  facet normal 0.9415440676146772 -0.3053258913437137 0.14237580136657635
    outer loop
      vertex 71.68470167815686 7.778255897531203 43.0360162894419
      vertex 71.51939766556025 7.35954734054266 43.23126329610069
      vertex 71.68470167815686 7.774029714913796 43.02695321157154
    endloop
  endfacet
  facet normal 2.943667385532469e-16 0.4226182617406974 0.9063077870366509
    outer loop
      vertex 71.68470167815686 7.778255897531203 43.0360162894419
      vertex 71.90000000298024 9.09369221296335 42.4226182617407
      vertex 71.30960632562638 6.9575395462327805 43.418722609225384
    endloop
  endfacet
  facet normal 0.9700312510179108 -0.22021483701735242 0.10268786494054753
    outer loop
      vertex 71.68470167815686 7.778255897531203 43.0360162894419
      vertex 71.68470167815686 7.774029714913796 43.02695321157154
      vertex 71.80392640531063 8.205406639435132 42.82579884811589
    endloop
  endfacet
  facet normal 0.9891765097240048 -0.1329829730655769 0.06201097874469981
    outer loop
      vertex 71.87592363804579 8.649523727948699 42.629737427814135
      vertex 71.80392640531063 8.209632822052539 42.83486192598625
      vertex 71.80392640531063 8.205406639435132 42.82579884811589
    endloop
  endfacet
  facet normal 3.4696265205446065e-14 0.4226182617406926 0.9063077870366532
    outer loop
      vertex 71.68470167815686 7.778255897531203 43.0360162894419
      vertex 71.87592363804579 8.649523727948699 42.629737427814135
      vertex 71.90000000298024 9.09369221296335 42.4226182617407
    endloop
  endfacet
  facet normal 0.9891765097240051 -0.13298297306557674 0.062010978744699075
    outer loop
      vertex 71.87592363804579 8.645297545331292 42.62067434994377
      vertex 71.87592363804579 8.649523727948699 42.629737427814135
      vertex 71.80392640531063 8.205406639435132 42.82579884811589
    endloop
  endfacet
  facet normal 0.9700312510179105 -0.22021483701735242 0.10268786494054795
    outer loop
      vertex 71.68470167815686 7.778255897531203 43.0360162894419
      vertex 71.80392640531063 8.205406639435132 42.82579884811589
      vertex 71.80392640531063 8.209632822052539 42.83486192598625
    endloop
  endfacet
  facet normal 2.487185177839206e-14 0.4226182617406946 0.9063077870366523
    outer loop
      vertex 71.68470167815686 7.778255897531203 43.0360162894419
      vertex 71.80392640531063 8.209632822052539 42.83486192598625
      vertex 71.87592363804579 8.649523727948699 42.629737427814135
    endloop
  endfacet
  facet normal 0.9987954563607843 -0.04447041246393968 0.02073689389324693
    outer loop
      vertex 71.90000000298024 9.089466030345942 42.413555183870336
      vertex 71.87592363804579 8.649523727948699 42.629737427814135
      vertex 71.87592363804579 8.645297545331292 42.62067434994377
    endloop
  endfacet
  facet normal 0.9987954563607843 -0.04447041246393612 0.020736893893253873
    outer loop
      vertex 71.90000000298024 9.09369221296335 42.4226182617407
      vertex 71.87592363804579 8.649523727948699 42.629737427814135
      vertex 71.90000000298024 9.089466030345942 42.413555183870336
    endloop
  endfacet
  facet normal 0.9415440676146775 -0.3053258913437137 0.1423758013665751
    outer loop
      vertex 71.68470167815686 7.774029714913796 43.02695321157154
      vertex 71.51939766556025 7.35954734054266 43.23126329610069
      vertex 71.51939766556025 7.355321157925253 43.22220021823033
    endloop
  endfacet
  facet normal -4.654785227300064e-16 0.5388956431907225 0.8423725338293371
    outer loop
      vertex 66.90000000298024 15.437846722219899 39.4642904295558
      vertex 63.861477819085124 17.21586287766695 38.32683031397319
      vertex 63.74628224670887 16.439277425408363 38.823639623371015
    endloop
  endfacet
  facet normal -8.901667662011447e-16 0.42261826174069644 0.9063077870366514
    outer loop
      vertex 71.90000000298024 9.09369221296335 42.4226182617407
      vertex 60.975146275758746 11.815916374325752 41.153224288082846
      vertex 60.344561864435676 11.348243102431297 41.37130391628163
    endloop
  endfacet
  facet normal -2.3771830630132837e-16 0.42261826174069816 0.9063077870366507
    outer loop
      vertex 71.90000000298024 9.09369221296335 42.4226182617407
      vertex 61.556854252517226 12.343145750463009 40.90737319238576
      vertex 60.975146275758746 11.815916374325752 41.153224288082846
    endloop
  endfacet
  facet normal 4.103182159345654e-15 0.4226182617406922 0.9063077870366533
    outer loop
      vertex 67.39008570164442 15.416026125196277 39.47446554105343
      vertex 62.55175690054894 13.55543813854456 40.342071967900324
      vertex 62.08408362865448 12.924853727221489 40.63611830801343
    endloop
  endfacet
  facet normal 1.4565097920808272e-15 0.42261826174070266 0.9063077870366486
    outer loop
      vertex 71.90000000298024 9.09369221296335 42.4226182617407
      vertex 62.08408362865448 12.924853727221489 40.63611830801343
      vertex 61.556854252517226 12.343145750463009 40.90737319238576
    endloop
  endfacet
  facet normal -1.5446785659555824e-16 0.42261826174069994 0.9063077870366498
    outer loop
      vertex 67.39008570164442 15.416026125196277 39.47446554105343
      vertex 62.08408362865448 12.924853727221489 40.63611830801343
      vertex 71.30960632562638 13.04246045376722 40.581277390774616
    endloop
  endfacet
  facet normal 1.6929397514971551e-15 0.42261826174071226 0.9063077870366439
    outer loop
      vertex 71.90000000298024 9.09369221296335 42.4226182617407
      vertex 58.96146746426821 10.608963742852211 41.71603554316928
      vertex 58.22227742224932 10.34447731077671 41.83936759192419
    endloop
  endfacet
  facet normal 8.14848482898204e-16 0.42261826174070616 0.9063077870366468
    outer loop
      vertex 71.90000000298024 9.09369221296335 42.4226182617407
      vertex 59.6711738973856 10.94462988525629 41.55951185038291
      vertex 58.96146746426821 10.608963742852211 41.71603554316928
    endloop
  endfacet
  facet normal -1.4071586653508688e-15 0.4226182617406941 0.9063077870366524
    outer loop
      vertex 71.90000000298024 9.09369221296335 42.4226182617407
      vertex 60.344561864435676 11.348243102431297 41.37130391628163
      vertex 59.6711738973856 10.94462988525629 41.55951185038291
    endloop
  endfacet
  facet normal -1.1818601104241212e-15 0.42261826174070377 0.9063077870366479
    outer loop
      vertex 67.39008570164442 15.416026125196277 39.47446554105343
      vertex 62.955370117723945 14.228826105594635 40.028066001955445
      vertex 62.55175690054894 13.55543813854456 40.342071967900324
    endloop
  endfacet
  facet normal -9.292077068109866e-16 0.4226182617407029 0.9063077870366485
    outer loop
      vertex 67.39008570164442 15.416026125196277 39.47446554105343
      vertex 63.291036260128024 14.938532538712025 39.697124457150935
      vertex 62.955370117723945 14.228826105594635 40.028066001955445
    endloop
  endfacet
  facet normal 0 0.4226182617406996 0.9063077870366499
    outer loop
      vertex 66.90000000298024 15.437846722219899 39.4642904295558
      vertex 63.469693735707644 15.437846722219899 39.4642904295558
      vertex 63.291036260128024 14.938532538712025 39.697124457150935
    endloop
  endfacet
  facet normal 0 0.5388956431907318 0.8423725338293311
    outer loop
      vertex 66.90000000298024 15.437846722219899 39.4642904295558
      vertex 63.555522692203525 15.677722580730915 39.31083331899382
      vertex 63.469693735707644 15.437846722219899 39.4642904295558
    endloop
  endfacet
  facet normal -1.0705941485363583e-15 0.5388956431907211 0.8423725338293379
    outer loop
      vertex 66.90000000298024 15.437846722219899 39.4642904295558
      vertex 63.74628224670887 16.439277425408363 38.823639623371015
      vertex 63.555522692203525 15.677722580730915 39.31083331899382
    endloop
  endfacet
  facet normal -2.832892489770329e-15 0.42261826174071637 0.906307787036642
    outer loop
      vertex 66.90000000298024 15.437846722219899 39.4642904295558
      vertex 63.291036260128024 14.938532538712025 39.697124457150935
      vertex 67.39008570164442 15.416026125196277 39.47446554105343
    endloop
  endfacet
  facet normal -1.6549074875464872e-16 0.4226182617406995 0.90630778703665
    outer loop
      vertex 71.90000000298024 9.09369221296335 42.4226182617407
      vertex 71.30960632562638 13.04246045376722 40.581277390774616
      vertex 62.08408362865448 12.924853727221489 40.63611830801343
    endloop
  endfacet
  facet normal 7.0854674860025255e-15 0.4226182617407004 0.9063077870366495
    outer loop
      vertex 71.90000000298024 9.09369221296335 42.4226182617407
      vertex 71.87592363804579 11.350476272051301 41.370262572185865
      vertex 71.68470167815686 12.221744102468797 40.9639837105581
    endloop
  endfacet
  facet normal 7.351809670932228e-15 0.4226182617407004 0.9063077870366495
    outer loop
      vertex 71.90000000298024 9.09369221296335 42.4226182617407
      vertex 71.68470167815686 12.221744102468797 40.9639837105581
      vertex 71.30960632562638 13.04246045376722 40.581277390774616
    endloop
  endfacet
  facet normal -2.4722000281987747e-14 0.42261826174069456 0.9063077870366522
    outer loop
      vertex 71.87592363804579 11.350476272051301 41.370262572185865
      vertex 71.80392640531063 11.790367177947461 41.16513807401375
      vertex 71.68470167815686 12.221744102468797 40.9639837105581
    endloop
  endfacet
  facet normal -6.181048193339311e-15 0.42261826174069617 0.9063077870366515
    outer loop
      vertex 71.30960632562638 13.04246045376722 40.581277390774616
      vertex 70.07196642160416 14.409234754746286 39.94394006725863
      vertex 69.67785116732121 14.67414470643681 39.82041052806387
    endloop
  endfacet
  facet normal 2.5221319030797465e-14 0.42261826174072104 0.90630778703664
    outer loop
      vertex 70.76505227088929 13.781085652454266 40.236850804120586
      vertex 70.43553390800953 14.110589696496797 40.08320054499051
      vertex 70.07196642160416 14.409234754746286 39.94394006725863
    endloop
  endfacet
  facet normal 1.7144214755350796e-14 0.4226182617407134 0.9063077870366435
    outer loop
      vertex 70.76505227088929 13.781085652454266 40.236850804120586
      vertex 70.07196642160416 14.409234754746286 39.94394006725863
      vertex 71.30960632562638 13.04246045376722 40.581277390774616
    endloop
  endfacet
  facet normal 1.4290823317914304e-13 0.422618261740751 0.9063077870366258
    outer loop
      vertex 71.51939766556025 12.64045265945734 40.76873670389931
      vertex 71.30960632562638 13.04246045376722 40.581277390774616
      vertex 71.68470167815686 12.221744102468797 40.9639837105581
    endloop
  endfacet
  facet normal 1.0407748494640798e-13 0.42261826174076594 0.906307787036619
    outer loop
      vertex 70.76505227088929 13.781085652454266 40.236850804120586
      vertex 71.30960632562638 13.04246045376722 40.581277390774616
      vertex 71.05734806209803 13.423895928507699 40.40341110781114
    endloop
  endfacet
  facet normal 1.6970406597125152e-13 0.4226182617407018 0.9063077870366487
    outer loop
      vertex 71.90000000298024 9.09369221296335 42.4226182617407
      vertex 71.90000000298024 10.90630778703665 41.5773817382593
      vertex 71.87592363804579 11.350476272051301 41.370262572185865
    endloop
  endfacet
  facet normal -3.598951651855527e-14 0.42261826174060263 0.9063077870366951
    outer loop
      vertex 67.87545161396265 15.350774472523312 39.504892886402104
      vertex 68.81341716349125 15.092903860051816 39.625139927810686
      vertex 68.35142338722945 15.242720173896526 39.555279433348346
    endloop
  endfacet
  facet normal 8.172699118152786e-15 0.4226182617407112 0.9063077870366445
    outer loop
      vertex 67.39008570164442 15.416026125196277 39.47446554105343
      vertex 71.30960632562638 13.04246045376722 40.581277390774616
      vertex 67.87545161396265 15.350774472523312 39.504892886402104
    endloop
  endfacet
  facet normal -4.981400596034423e-15 0.4226182617406949 0.906307787036652
    outer loop
      vertex 71.30960632562638 13.04246045376722 40.581277390774616
      vertex 68.81341716349125 15.092903860051816 39.625139927810686
      vertex 67.87545161396265 15.350774472523312 39.504892886402104
    endloop
  endfacet
  facet normal -6.283417432942207e-14 0.42261826174058936 0.9063077870367012
    outer loop
      vertex 69.25698368698359 14.902768335016894 39.713801579221794
      vertex 68.81341716349125 15.092903860051816 39.625139927810686
      vertex 69.67785116732121 14.67414470643681 39.82041052806387
    endloop
  endfacet
  facet normal 5.516729325114464e-15 0.4226182617407057 0.906307787036647
    outer loop
      vertex 71.30960632562638 13.04246045376722 40.581277390774616
      vertex 69.67785116732121 14.67414470643681 39.82041052806387
      vertex 68.81341716349125 15.092903860051816 39.625139927810686
    endloop
  endfacet
  facet normal 0.30358438848158303 0.5282060382920601 0.7929911097749268
    outer loop
      vertex 71.51939766556025 12.64045265945734 40.76873670389931
      vertex 69.00000000000001 51.137491351249736 16.090630918727058
      vertex 71.30960632562638 13.04246045376722 40.581277390774616
    endloop
  endfacet
  facet normal 0.23793231271024876 0.5352822201238481 0.8104697152809824
    outer loop
      vertex 71.30960632562638 13.04246045376722 40.581277390774616
      vertex 69.00000000000001 45.09788850292874 20.08801230571127
      vertex 69.00000000000001 43.545203666349494 21.113497368023108
    endloop
  endfacet
  facet normal 0.2525764655832023 0.5340280708521883 0.8068575763884154
    outer loop
      vertex 71.30960632562638 13.04246045376722 40.581277390774616
      vertex 69.00000000000001 51.137491351249736 16.090630918727058
      vertex 69.00000000000001 45.09788850292874 20.08801230571127
    endloop
  endfacet
  facet normal 0 0.5388956431907239 0.8423725338293362
    outer loop
      vertex 65.79117032396861 37.08299792929647 25.617118052421752
      vertex 63.900000002980235 37.08299792929647 25.617118052421752
      vertex 63.900000002980235 18 37.82518993288379
    endloop
  endfacet
  facet normal 0.006518114738154808 0.5391211119831268 0.8422030282505145
    outer loop
      vertex 66.90000000298024 15.437846722219899 39.4642904295558
      vertex 66.09942448239643 37.080841742356384 25.616112605939183
      vertex 65.79117032396861 37.08299792929647 25.617118052421752
    endloop
  endfacet
  facet normal 0.01977550459938114 0.5395874123891443 0.8416973053354914
    outer loop
      vertex 67.39008570164442 15.416026125196277 39.47446554105343
      vertex 66.40294742738493 37.07440201968619 25.613109713941665
      vertex 66.09942448239643 37.080841742356384 25.616112605939183
    endloop
  endfacet
  facet normal 0.02652002184549993 0.5398274841001476 0.8413578167767976
    outer loop
      vertex 67.87545161396265 15.350774472523312 39.504892886402104
      vertex 66.6930637088411 37.06614818157077 25.60926088601927
      vertex 66.40294742738493 37.07440201968619 25.613109713941665
    endloop
  endfacet
  facet normal 0.033557363148712424 0.5399851130866425 0.8410053394737226
    outer loop
      vertex 67.87545161396265 15.350774472523312 39.504892886402104
      vertex 66.98910447775505 37.05549075238629 25.604291245174313
      vertex 66.6930637088411 37.06614818157077 25.60926088601927
    endloop
  endfacet
  facet normal 0.06406987833399688 0.5406186779396565 0.8388244725525387
    outer loop
      vertex 68.81341716349125 15.092903860051816 39.625139927810686
      vertex 67.54430392042413 37.02217588636647 25.588756268018862
      vertex 67.27390507708581 37.040768930202354 25.59742634674794
    endloop
  endfacet
  facet normal 0.08023132356759567 0.5408756379502981 0.8372672685531484
    outer loop
      vertex 69.25698368698359 14.902768335016894 39.713801579221794
      vertex 67.83398902029157 36.997219562367256 25.577118943018633
      vertex 67.54430392042413 37.02217588636647 25.588756268018862
    endloop
  endfacet
  facet normal 0.08176784006553688 0.5408783564355016 0.8371168519810405
    outer loop
      vertex 69.25698368698359 14.902768335016894 39.713801579221794
      vertex 68.08850461561671 36.9748715518255 25.56669789455848
      vertex 67.83398902029157 36.997219562367256 25.577118943018633
    endloop
  endfacet
  facet normal 0.10188275961243165 0.5408935104936402 0.8348976665434045
    outer loop
      vertex 69.67785116732121 14.67414470643681 39.82041052806387
      vertex 68.32327453629911 36.94915806957729 25.554707500868307
      vertex 68.08850461561671 36.9748715518255 25.56669789455848
    endloop
  endfacet
  facet normal 0.12557511239323713 0.540733662933984 0.8317679946459965
    outer loop
      vertex 70.07196642160416 14.409234754746286 39.94394006725863
      vertex 68.5359240833682 36.920401146068386 25.541297927211126
      vertex 68.32327453629911 36.94915806957729 25.554707500868307
    endloop
  endfacet
  facet normal 0.13541740136262487 0.5406165805363833 0.8302986452219117
    outer loop
      vertex 70.43553390800953 14.110589696496797 40.08320054499051
      vertex 68.82454718787399 36.878274651554705 25.521654020208175
      vertex 68.5359240833682 36.920401146068386 25.541297927211126
    endloop
  endfacet
  facet normal 0.15425958322868955 0.540071275252735 0.8273614679382861
    outer loop
      vertex 70.43553390800953 14.110589696496797 40.08320054499051
      vertex 69.00000000000001 36.84904258380156 25.508022883151174
      vertex 68.82454718787399 36.878274651554705 25.521654020208175
    endloop
  endfacet
  facet normal 0.1542595832287347 0.5400712752527378 0.8273614679382757
    outer loop
      vertex 70.43553390800953 14.110589696496797 40.08320054499051
      vertex 69.00000000000001 37.04473278028962 25.38028348741266
      vertex 69.00000000000001 36.84904258380156 25.508022883151174
    endloop
  endfacet
  facet normal 0.04817915066528752 0.5403100669500918 0.8400855914688449
    outer loop
      vertex 68.35142338722945 15.242720173896526 39.555279433348346
      vertex 67.27390507708581 37.040768930202354 25.59742634674794
      vertex 66.98910447775505 37.05549075238629 25.604291245174313
    endloop
  endfacet
  facet normal 1 0 0
    outer loop
      vertex 71.90000000298024 9.09369221296335 42.4226182617407
      vertex 71.90000000298024 66 2
      vertex 71.90000000298024 10.90630778703665 41.5773817382593
    endloop
  endfacet
  facet normal 0.9649434094515323 0.15205848127462013 0.21392156232719597
    outer loop
      vertex 71.90000000298024 10.90630778703665 41.5773817382593
      vertex 71.74628224670887 67.56072257459164 2
      vertex 71.87592363804579 11.350476272051301 41.370262572185865
    endloop
  endfacet
  facet normal 0.544132095448779 0.47339437969736003 0.692688980692975
    outer loop
      vertex 71.68470167815686 12.221744102468797 40.9639837105581
      vertex 71.80392640531063 11.790367177947461 41.16513807401375
      vertex 70.08408362865448 71.07514627277851 2
    endloop
  endfacet
  facet normal 0.7551610551529584 0.37449055459778224 0.5380414531402912
    outer loop
      vertex 71.87592363804579 11.350476272051301 41.370262572185865
      vertex 70.95537011772394 69.77117389440536 2
      vertex 71.80392640531063 11.790367177947461 41.16513807401375
    endloop
  endfacet
  facet normal 0.19048181685071527 0.5385970570773667 0.8207495888252704
    outer loop
      vertex 71.05734806209803 13.423895928507699 40.40341110781114
      vertex 69.00000000000001 39.05277083508953 24.062557104676895
      vertex 69.00000000000001 37.04473278028962 25.38028348741266
    endloop
  endfacet
  facet normal 0.19267516317209044 0.5384909949577756 0.8203070948407025
    outer loop
      vertex 71.05734806209803 13.423895928507699 40.40341110781114
      vertex 69.00000000000001 43.545203666349494 21.113497368023108
      vertex 69.00000000000001 39.05277083508953 24.062557104676895
    endloop
  endfacet
  facet normal 0.3991550640214733 0.5122007514229405 0.7604772351016095
    outer loop
      vertex 71.51939766556025 12.64045265945734 40.76873670389931
      vertex 71.68470167815686 12.221744102468797 40.9639837105581
      vertex 69.00000000000001 71.6340718229807 2.3574018474124516
    endloop
  endfacet
  facet normal 0.006518114738149149 0.5391211119831268 0.8422030282505147
    outer loop
      vertex 66.90000000298024 15.437846722219899 39.4642904295558
      vertex 67.39008570164442 15.416026125196277 39.47446554105343
      vertex 66.09942448239643 37.080841742356384 25.616112605939183
    endloop
  endfacet
  facet normal 0.019775504599381398 0.5395874123891443 0.8416973053354914
    outer loop
      vertex 67.39008570164442 15.416026125196277 39.47446554105343
      vertex 67.87545161396265 15.350774472523312 39.504892886402104
      vertex 66.40294742738493 37.07440201968619 25.613109713941665
    endloop
  endfacet
  facet normal -2.2107152399938884e-14 0.5388956431907255 0.8423725338293351
    outer loop
      vertex 65.79117032396861 37.08299792929647 25.617118052421752
      vertex 63.900000002980235 18 37.82518993288379
      vertex 63.861477819085124 17.21586287766695 38.32683031397319
    endloop
  endfacet
  facet normal 6.749399638296745e-16 0.5388956431907239 0.8423725338293362
    outer loop
      vertex 66.90000000298024 15.437846722219899 39.4642904295558
      vertex 65.79117032396861 37.08299792929647 25.617118052421752
      vertex 63.861477819085124 17.21586287766695 38.32683031397319
    endloop
  endfacet
  facet normal 0.033557363148711175 0.5399851130866425 0.8410053394737225
    outer loop
      vertex 67.87545161396265 15.350774472523312 39.504892886402104
      vertex 68.35142338722945 15.242720173896526 39.555279433348346
      vertex 66.98910447775505 37.05549075238629 25.604291245174313
    endloop
  endfacet
  facet normal 0.04817915066530429 0.5403100669500916 0.840085591468844
    outer loop
      vertex 68.35142338722945 15.242720173896526 39.555279433348346
      vertex 68.81341716349125 15.092903860051816 39.625139927810686
      vertex 67.27390507708581 37.040768930202354 25.59742634674794
    endloop
  endfacet
  facet normal 0.0640698783339833 0.5406186779396566 0.8388244725525398
    outer loop
      vertex 69.25698368698359 14.902768335016894 39.713801579221794
      vertex 67.54430392042413 37.02217588636647 25.588756268018862
      vertex 68.81341716349125 15.092903860051816 39.625139927810686
    endloop
  endfacet
  facet normal 0.08176784006553901 0.5408783564355015 0.8371168519810404
    outer loop
      vertex 69.25698368698359 14.902768335016894 39.713801579221794
      vertex 69.67785116732121 14.67414470643681 39.82041052806387
      vertex 68.08850461561671 36.9748715518255 25.56669789455848
    endloop
  endfacet
  facet normal 0.10188275961242027 0.5408935104936401 0.8348976665434058
    outer loop
      vertex 70.07196642160416 14.409234754746286 39.94394006725863
      vertex 68.32327453629911 36.94915806957729 25.554707500868307
      vertex 69.67785116732121 14.67414470643681 39.82041052806387
    endloop
  endfacet
  facet normal 0.1255751123932597 0.5407336629339833 0.8317679946459935
    outer loop
      vertex 70.07196642160416 14.409234754746286 39.94394006725863
      vertex 70.43553390800953 14.110589696496797 40.08320054499051
      vertex 68.5359240833682 36.920401146068386 25.541297927211126
    endloop
  endfacet
  facet normal 0.15425958322867656 0.5400712752527353 0.8273614679382884
    outer loop
      vertex 70.76505227088929 13.781085652454266 40.236850804120586
      vertex 69.00000000000001 37.04473278028962 25.38028348741266
      vertex 70.43553390800953 14.110589696496797 40.08320054499051
    endloop
  endfacet
  facet normal 0.1904818168507363 0.5385970570773653 0.8207495888252664
    outer loop
      vertex 70.76505227088929 13.781085652454266 40.236850804120586
      vertex 71.05734806209803 13.423895928507699 40.40341110781114
      vertex 69.00000000000001 37.04473278028962 25.38028348741266
    endloop
  endfacet
  facet normal 0.23793231271029205 0.5352822201238455 0.8104697152809714
    outer loop
      vertex 71.30960632562638 13.04246045376722 40.581277390774616
      vertex 69.00000000000001 43.545203666349494 21.113497368023108
      vertex 71.05734806209803 13.423895928507699 40.40341110781114
    endloop
  endfacet
  facet normal 0 0 -1
    outer loop
      vertex 71.86147781908512 7.21586287766695 0
      vertex 70.08408362865448 71.07514627277851 0
      vertex 71.90000000298024 66 0
    endloop
  endfacet
  facet normal 0 0 -1
    outer loop
      vertex 71.86147781908512 7.21586287766695 0
      vertex 69.00000000000001 72.16155752314522 0
      vertex 70.08408362865448 71.07514627277851 0
    endloop
  endfacet
  facet normal 0.3156455132385112 0.5266227205240261 0.7893265611901517
    outer loop
      vertex 71.51939766556025 12.64045265945734 40.76873670389931
      vertex 69.00000000000001 60.262550076642896 10.003723686871535
      vertex 69.00000000000001 52.193558500301165 15.387191702202712
    endloop
  endfacet
  facet normal 1 0 0
    outer loop
      vertex 71.90000000298024 9.09369221296335 42.4226182617407
      vertex 71.90000000298024 66 0
      vertex 71.90000000298024 66 2
    endloop
  endfacet
  facet normal 0.9964736250402361 0.04895360662968818 0.06814586559078287
    outer loop
      vertex 71.90000000298024 10.90630778703665 41.5773817382593
      vertex 71.90000000298024 66 2
      vertex 71.86147781908512 66.78413712233305 2
    endloop
  endfacet
  facet normal 0.9687949803844101 0.14370716314095955 0.20195181911522386
    outer loop
      vertex 71.90000000298024 10.90630778703665 41.5773817382593
      vertex 71.86147781908512 66.78413712233305 2
      vertex 71.74628224670887 67.56072257459164 2
    endloop
  endfacet
  facet normal 0.9173549302665589 0.22978544361443898 0.32505166023041976
    outer loop
      vertex 71.87592363804579 11.350476272051301 41.370262572185865
      vertex 71.74628224670887 67.56072257459164 2
      vertex 71.55552269220352 68.32227741926908 2
    endloop
  endfacet
  facet normal 0.8488756204506572 0.3037325604599191 0.43261612628399937
    outer loop
      vertex 71.87592363804579 11.350476272051301 41.370262572185865
      vertex 71.55552269220352 68.32227741926908 2
      vertex 71.29103626012802 69.06146746128798 2
    endloop
  endfacet
  facet normal 0.39915506401662176 0.5122007514239124 0.7604772351035014
    outer loop
      vertex 71.51939766556025 12.64045265945734 40.76873670389931
      vertex 69.00000000000001 71.6340718229807 2.3574018474124516
      vertex 69.00000000000001 71.60242687968986 2.3787155212269395
    endloop
  endfacet
  facet normal 0.45318969704390083 0.5000177791431732 0.7379710827898246
    outer loop
      vertex 71.68470167815686 12.221744102468797 40.9639837105581
      vertex 69.55685425251723 71.65685424953699 2
      vertex 69.00000000000001 71.6340718229807 2.3574018474124516
    endloop
  endfacet
  facet normal 0.5281600477660054 0.4786963624531991 0.7013535175058911
    outer loop
      vertex 71.68470167815686 12.221744102468797 40.9639837105581
      vertex 70.08408362865448 71.07514627277851 2
      vertex 69.55685425251723 71.65685424953699 2
    endloop
  endfacet
  facet normal 0.6886528514825423 0.41276263685142794 0.5961411374535563
    outer loop
      vertex 71.80392640531063 11.790367177947461 41.16513807401375
      vertex 70.95537011772394 69.77117389440536 2
      vertex 70.55175690054894 70.44456186145544 2
    endloop
  endfacet
  facet normal 0.7706051503426218 0.3644690904040838 0.5228097019044742
    outer loop
      vertex 71.87592363804579 11.350476272051301 41.370262572185865
      vertex 71.29103626012802 69.06146746128798 2
      vertex 70.95537011772394 69.77117389440536 2
    endloop
  endfacet
  facet normal 0.6070411968003051 0.45021243402871247 0.654835666127919
    outer loop
      vertex 71.80392640531063 11.790367177947461 41.16513807401375
      vertex 70.55175690054894 70.44456186145544 2
      vertex 70.08408362865448 71.07514627277851 2
    endloop
  endfacet
  facet normal 0.3823857712941007 0.5155875286886631 0.7667793829860926
    outer loop
      vertex 71.51939766556025 12.64045265945734 40.76873670389931
      vertex 69.00000000000001 71.60242687968986 2.3787155212269395
      vertex 69.00000000000001 60.262550076642896 10.003723686871535
    endloop
  endfacet
  facet normal 0.9987954563744936 0.04906767088080504 0
    outer loop
      vertex 71.90000000298024 66 0
      vertex 71.86147781908512 66.78413712233305 0
      vertex 71.86147781908512 66.78413712233305 2
    endloop
  endfacet
  facet normal 0.9987954563744936 0.04906767088080504 0
    outer loop
      vertex 71.90000000298024 66 0
      vertex 71.86147781908512 66.78413712233305 2
      vertex 71.90000000298024 66 2
    endloop
  endfacet
  facet normal 0 0 -1
    outer loop
      vertex 71.90000000298024 66 0
      vertex 71.55552269220352 68.32227741926908 0
      vertex 71.86147781908512 66.78413712233305 0
    endloop
  endfacet
  facet normal 0 0 -1
    outer loop
      vertex 71.86147781908512 66.78413712233305 0
      vertex 71.55552269220352 68.32227741926908 0
      vertex 71.74628224670887 67.56072257459164 0
    endloop
  endfacet
  facet normal 0.989176509519683 0.14673047745596915 0
    outer loop
      vertex 71.86147781908512 66.78413712233305 0
      vertex 71.74628224670887 67.56072257459164 0
      vertex 71.74628224670887 67.56072257459164 2
    endloop
  endfacet
  facet normal 0.989176509519683 0.14673047745596915 0
    outer loop
      vertex 71.86147781908512 66.78413712233305 0
      vertex 71.74628224670887 67.56072257459164 2
      vertex 71.86147781908512 66.78413712233305 2
    endloop
  endfacet
  facet normal 0 0 -1
    outer loop
      vertex 69.55685425251723 71.65685424953699 0
      vertex 70.08408362865448 71.07514627277851 0
      vertex 69.00000000000001 72.16155752314522 0
    endloop
  endfacet
  facet normal 0.6715589535927154 0.740951126491793 -6.030834366937055e-18
    outer loop
      vertex 69.55685425251723 71.65685424953699 0
      vertex 69.00000000000001 72.16155752314522 0
      vertex 69.00000000000001 72.16155752314522 2
    endloop
  endfacet
  facet normal 0.6715589535927154 0.740951126491793 0
    outer loop
      vertex 69.55685425251723 71.65685424953699 0
      vertex 69.00000000000001 72.16155752314522 2
      vertex 69.55685425251723 71.65685424953699 2
    endloop
  endfacet
  facet normal 0.45318969704389617 0.5000177791431827 0.7379710827898213
    outer loop
      vertex 69.55685425251723 71.65685424953699 2
      vertex 69.00000000000001 72.16155752314522 2
      vertex 69.00000000000001 71.6340718229807 2.3574018474124516
    endloop
  endfacet
  facet normal 0 0 -1
    outer loop
      vertex 71.90000000298024 66 0
      vertex 70.08408362865448 71.07514627277851 0
      vertex 71.55552269220352 68.32227741926908 0
    endloop
  endfacet
  facet normal 0.9700312542623906 0.24298017564018182 0
    outer loop
      vertex 71.74628224670887 67.56072257459164 0
      vertex 71.55552269220352 68.32227741926908 0
      vertex 71.74628224670887 67.56072257459164 2
    endloop
  endfacet
  facet normal 0.9415440627982694 0.3368898600571533 0
    outer loop
      vertex 71.29103626012802 69.06146746128798 0
      vertex 71.55552269220352 68.32227741926908 2
      vertex 71.55552269220352 68.32227741926908 0
    endloop
  endfacet
  facet normal 0.9700312542623906 0.24298017564018182 0
    outer loop
      vertex 71.55552269220352 68.32227741926908 0
      vertex 71.55552269220352 68.32227741926908 2
      vertex 71.74628224670887 67.56072257459164 2
    endloop
  endfacet
  facet normal 0 0 -1
    outer loop
      vertex 71.29103626012802 69.06146746128798 0
      vertex 71.55552269220352 68.32227741926908 0
      vertex 70.95537011772394 69.77117389440536 0
    endloop
  endfacet
  facet normal 0 0 -1
    outer loop
      vertex 71.55552269220352 68.32227741926908 0
      vertex 70.08408362865448 71.07514627277851 0
      vertex 70.95537011772394 69.77117389440536 0
    endloop
  endfacet
  facet normal 0.9039892939524539 0.4275550916774867 0
    outer loop
      vertex 71.29103626012802 69.06146746128798 0
      vertex 70.95537011772394 69.77117389440536 0
      vertex 70.95537011772394 69.77117389440536 2
    endloop
  endfacet
  facet normal 0.9039892939524539 0.4275550916774867 0
    outer loop
      vertex 71.29103626012802 69.06146746128798 0
      vertex 70.95537011772394 69.77117389440536 2
      vertex 71.29103626012802 69.06146746128798 2
    endloop
  endfacet
  facet normal 0.9415440627982694 0.3368898600571533 0
    outer loop
      vertex 71.29103626012802 69.06146746128798 0
      vertex 71.29103626012802 69.06146746128798 2
      vertex 71.55552269220352 68.32227741926908 2
    endloop
  endfacet
  facet normal 0 0 -1
    outer loop
      vertex 70.55175690054894 70.44456186145544 0
      vertex 70.95537011772394 69.77117389440536 0
      vertex 70.08408362865448 71.07514627277851 0
    endloop
  endfacet
  facet normal 0.8577286087049235 0.5141027463543804 0
    outer loop
      vertex 70.55175690054894 70.44456186145544 0
      vertex 70.55175690054894 70.44456186145544 2
      vertex 70.95537011772394 69.77117389440536 0
    endloop
  endfacet
  facet normal 0.8032075322326659 0.5956993034784503 0
    outer loop
      vertex 70.55175690054894 70.44456186145544 0
      vertex 70.08408362865448 71.07514627277851 0
      vertex 70.55175690054894 70.44456186145544 2
    endloop
  endfacet
  facet normal 0.8032075322326659 0.5956993034784503 0
    outer loop
      vertex 70.08408362865448 71.07514627277851 0
      vertex 70.08408362865448 71.07514627277851 2
      vertex 70.55175690054894 70.44456186145544 2
    endloop
  endfacet
  facet normal 0.7409511264917886 0.6715589535927202 0
    outer loop
      vertex 69.55685425251723 71.65685424953699 0
      vertex 69.55685425251723 71.65685424953699 2
      vertex 70.08408362865448 71.07514627277851 0
    endloop
  endfacet
  facet normal 0.7409511264917886 0.6715589535927202 0
    outer loop
      vertex 69.55685425251723 71.65685424953699 2
      vertex 70.08408362865448 71.07514627277851 2
      vertex 70.08408362865448 71.07514627277851 0
    endloop
  endfacet
  facet normal 0.8577286087049235 0.5141027463543804 0
    outer loop
      vertex 70.95537011772394 69.77117389440536 0
      vertex 70.55175690054894 70.44456186145544 2
      vertex 70.95537011772394 69.77117389440536 2
    endloop
  endfacet
  facet normal 0.30358438848156216 0.5282060382920627 0.7929911097749329
    outer loop
      vertex 71.51939766556025 12.64045265945734 40.76873670389931
      vertex 69.00000000000001 52.193558500301165 15.387191702202712
      vertex 69.00000000000001 51.137491351249736 16.090630918727058
    endloop
  endfacet
  facet normal -1.9883452237863542e-16 0.42261826174069955 -0.9063077870366499
    outer loop
      vertex 8.153717753291133 16.439277425408363 15.990793088647361
      vertex 7.453333028112802 0.7173453620936645 8.659535766531098
      vertex 6.791003910401719 0.7515366080839044 8.675479406378209
    endloop
  endfacet
  facet normal 5.658619937771725e-15 0.422618261740699 -0.90630778703665
    outer loop
      vertex 8.944629882276061 14.228826105594635 14.960042710239396
      vertex 7.530333927131202 0.7135679018745618 8.657774307902555
      vertex 7.453333028112802 0.7173453620936645 8.659535766531098
    endloop
  endfacet
  facet normal 1 0 0
    outer loop
      vertex 2.9 1.838442476854766 2
      vertex 2.9 1.838442476854766 0
      vertex 2.9 36.84904258380156 25.508022883151177
    endloop
  endfacet
  facet normal 1 0 0
    outer loop
      vertex 2.9 1.838442476854766 2
      vertex 2.9 36.84904258380156 25.508022883151177
      vertex 2.9 1.8851695343795534 2.7132101782370874
    endloop
  endfacet
  facet normal 1 0 0
    outer loop
      vertex 2.9 1.8851695343795534 2.7132101782370874
      vertex 2.9 36.84904258380156 25.508022883151177
      vertex 2.9 1.901357927225817 2.952776504846732
    endloop
  endfacet
  facet normal 2.1305475954608884e-15 0.42261826174069816 -0.9063077870366506
    outer loop
      vertex 7.999999997019771 18 16.718569977434825
      vertex 6.056864293433223 0.8649880560049797 8.728382685372578
      vertex 5.98034112605924 0.8839220620171726 8.737211757375617
    endloop
  endfacet
  facet normal 4.052748286179577e-14 0.42261826174069766 -0.9063077870366507
    outer loop
      vertex 8.038522180914882 17.21586287766695 16.352920832247303
      vertex 6.791003910401719 0.7515366080839044 8.675479406378209
      vertex 6.7140410535372546 0.7628728444834988 8.680765580225993
    endloop
  endfacet
  facet normal -2.367112241232066e-15 0.4226182617406997 -0.9063077870366498
    outer loop
      vertex 7.999999997019771 18 16.718569977434825
      vertex 6.7140410535372546 0.7628728444834988 8.680765580225993
      vertex 6.056864293433223 0.8649880560049797 8.728382685372578
    endloop
  endfacet
  facet normal 6.694764360352531e-16 0.4226182617406994 -0.9063077870366499
    outer loop
      vertex 9.348243099451068 13.55543813854456 14.64603674429452
      vertex 9.815916371345523 12.924853727221489 14.35199040418141
      vertex 7.530333927131202 0.7135679018745618 8.657774307902555
    endloop
  endfacet
  facet normal 3.5801475694587477e-16 0.4226182617406995 -0.9063077870366499
    outer loop
      vertex 9.348243099451068 13.55543813854456 14.64603674429452
      vertex 7.530333927131202 0.7135679018745618 8.657774307902555
      vertex 8.944629882276061 14.228826105594635 14.960042710239396
    endloop
  endfacet
  facet normal 1 0 0
    outer loop
      vertex 2.9 1.901357927225817 2.952776504846732
      vertex 2.9 36.84904258380156 25.508022883151177
      vertex 2.9 2.3564701084006776 9.423872188405431
    endloop
  endfacet
  facet normal -9.684452816288721e-15 0.42261826174070016 -0.9063077870366496
    outer loop
      vertex 3.2556700332556745 2.083743035982287 9.296697465950539
      vertex 2.9 2.3564701084006776 9.423872188405431
      vertex 6.108829676031382 37.08299792929647 25.617118052421752
    endloop
  endfacet
  facet normal 2.1447450433644457e-15 0.42261826174069944 -0.90630778703665
    outer loop
      vertex 3.2556700332556745 2.083743035982287 9.296697465950539
      vertex 6.108829676031382 37.08299792929647 25.617118052421752
      vertex 3.32548131640889 2.0335461389270204 9.27329026843805
    endloop
  endfacet
  facet normal 7.377418043304584e-17 0.42261826174069955 -0.9063077870366499
    outer loop
      vertex 3.8905159717504016 1.682557803721313 9.109621719808555
      vertex 3.32548131640889 2.0335461389270204 9.27329026843805
      vertex 6.108829676031382 37.08299792929647 25.617118052421752
    endloop
  endfacet
  facet normal 2.048442868026497e-15 0.4226182617406993 -0.90630778703665
    outer loop
      vertex 8.038522180914882 17.21586287766695 16.352920832247303
      vertex 8.153717753291133 16.439277425408363 15.990793088647361
      vertex 6.791003910401719 0.7515366080839044 8.675479406378209
    endloop
  endfacet
  facet normal 1.4009932214991618e-15 0.42261826174069944 -0.90630778703665
    outer loop
      vertex 8.608963739871982 14.938532538712025 15.290984255043902
      vertex 8.944629882276061 14.228826105594635 14.960042710239396
      vertex 7.453333028112802 0.7173453620936645 8.659535766531098
    endloop
  endfacet
  facet normal -4.335811220540356e-15 0.4226182617406997 -0.9063077870366498
    outer loop
      vertex 8.344477307796481 15.677722580730915 15.635674232469228
      vertex 8.608963739871982 14.938532538712025 15.290984255043902
      vertex 7.453333028112802 0.7173453620936645 8.659535766531098
    endloop
  endfacet
  facet normal 3.673217572408565e-15 0.4226182617406994 -0.90630778703665
    outer loop
      vertex 8.344477307796481 15.677722580730915 15.635674232469228
      vertex 7.453333028112802 0.7173453620936645 8.659535766531098
      vertex 8.153717753291133 16.439277425408363 15.990793088647361
    endloop
  endfacet
  facet normal 1.0380184092251255e-14 0.42261826174069894 -0.9063077870366502
    outer loop
      vertex 3.8905159717504016 1.682557803721313 9.109621719808555
      vertex 6.108829676031382 37.08299792929647 25.617118052421752
      vertex 3.9628839612036053 1.6403172854149553 9.089924642637865
    endloop
  endfacet
  facet normal 2.1666393064352647e-15 0.4226182617406994 -0.9063077870366499
    outer loop
      vertex 4.561013343220193 1.3464065018874836 8.95287179346467
      vertex 3.9628839612036053 1.6403172854149553 9.089924642637865
      vertex 6.108829676031382 37.08299792929647 25.617118052421752
    endloop
  endfacet
  facet normal 1.320247044805249e-14 0.422618261740699 -0.9063077870366502
    outer loop
      vertex 4.561013343220193 1.3464065018874836 8.95287179346467
      vertex 6.108829676031382 37.08299792929647 25.617118052421752
      vertex 4.6353000484885465 1.3120345994482812 8.936843912131915
    endloop
  endfacet
  facet normal -6.091490798649212e-15 0.4226182617406996 -0.9063077870366498
    outer loop
      vertex 5.260098659727587 1.0791709155412108 8.828257793019858
      vertex 4.6353000484885465 1.3120345994482812 8.936843912131915
      vertex 6.108829676031382 37.08299792929647 25.617118052421752
    endloop
  endfacet
  facet normal -1.1481234422779716e-14 0.4226182617406997 -0.9063077870366498
    outer loop
      vertex 5.260098659727587 1.0791709155412108 8.828257793019858
      vertex 6.108829676031382 37.08299792929647 25.617118052421752
      vertex 5.335747364452379 1.0525658385325916 8.815851641864935
    endloop
  endfacet
  facet normal 2.580732139567528e-15 0.4226182617406995 -0.9063077870366499
    outer loop
      vertex 5.335747364452379 1.0525658385325916 8.815851641864935
      vertex 6.108829676031382 37.08299792929647 25.617118052421752
      vertex 5.98034112605924 0.8839220620171726 8.737211757375617
    endloop
  endfacet
  facet normal 2.110491633010674e-14 0.4226182617406982 -0.9063077870366505
    outer loop
      vertex 8.038522180914882 17.21586287766695 16.352920832247303
      vertex 6.7140410535372546 0.7628728444834988 8.680765580225993
      vertex 7.999999997019771 18 16.718569977434825
    endloop
  endfacet
  facet normal -5.258031702291785e-15 0.4226182617407009 -0.9063077870366492
    outer loop
      vertex 10.92485372424126 11.815916374325752 13.834884424111998
      vertex 11.55543813556433 11.348243102431297 13.616804795913204
      vertex 7.530333927131202 0.7135679018745618 8.657774307902555
    endloop
  endfacet
  facet normal 1.3217667079929108e-15 0.42261826174069933 -0.90630778703665
    outer loop
      vertex 10.34314574748278 12.343145750463009 14.080735519809082
      vertex 10.92485372424126 11.815916374325752 13.834884424111998
      vertex 7.530333927131202 0.7135679018745618 8.657774307902555
    endloop
  endfacet
  facet normal 3.0207763798427713e-16 0.42261826174069944 -0.9063077870366499
    outer loop
      vertex 9.815916371345523 12.924853727221489 14.35199040418141
      vertex 10.34314574748278 12.343145750463009 14.080735519809082
      vertex 7.530333927131202 0.7135679018745618 8.657774307902555
    endloop
  endfacet
  facet normal 3.6382754683152594e-15 0.4226182617406982 -0.9063077870366505
    outer loop
      vertex 12.228826102614406 10.94462988525629 13.428596861811926
      vertex 12.938532535731795 10.608963742852211 13.27207316902556
      vertex 7.530333927131202 0.7135679018745618 8.657774307902555
    endloop
  endfacet
  facet normal 4.2690810910759875e-15 0.42261826174069794 -0.9063077870366507
    outer loop
      vertex 11.55543813556433 11.348243102431297 13.616804795913204
      vertex 12.228826102614406 10.94462988525629 13.428596861811926
      vertex 7.530333927131202 0.7135679018745618 8.657774307902555
    endloop
  endfacet
  facet normal -5.940105829435045e-15 0.4226182617407025 -0.9063077870366486
    outer loop
      vertex 12.938532535731795 10.608963742852211 13.27207316902556
      vertex 13.677722577750686 10.34447731077671 13.148741120270657
      vertex 7.530333927131202 0.7135679018745618 8.657774307902555
    endloop
  endfacet
  facet normal 1.7511944357519082e-15 0.4226182617406984 -0.9063077870366504
    outer loop
      vertex 13.677722577750686 10.34447731077671 13.148741120270657
      vertex 14.439277422428134 10.153717756271362 13.059788479138579
      vertex 7.530333927131202 0.7135679018745618 8.657774307902555
    endloop
  endfacet
  facet normal -5.748841636827163e-16 0.42261826174069994 -0.9063077870366498
    outer loop
      vertex 14.439277422428134 10.153717756271362 13.059788479138579
      vertex 15.21586287468672 10.038522183895111 13.006071901553984
      vertex 7.530333927131202 0.7135679018745618 8.657774307902555
    endloop
  endfacet
  facet normal -5.642305701625979e-15 0.42261826174070327 -0.9063077870366482
    outer loop
      vertex 15.21586287468672 10.038522183895111 13.006071901553984
      vertex 15.99999999701977 10 12.988108712194833
      vertex 7.530333927131202 0.7135679018745618 8.657774307902555
    endloop
  endfacet
  facet normal 1 0 0
    outer loop
      vertex 2.9 51.13749135124988 16.090630918726966
      vertex 2.9 1.838442476854766 0
      vertex 2.9 52.19355850030129 15.387191702202628
    endloop
  endfacet
  facet normal 1 0 0
    outer loop
      vertex 2.9 1.838442476854766 0
      vertex 2.9 39.05277083508964 24.062557104676827
      vertex 2.9 37.044732780289735 25.380283487412594
    endloop
  endfacet
  facet normal 1 0 0
    outer loop
      vertex 2.9 1.838442476854766 0
      vertex 2.9 37.044732780289735 25.380283487412594
      vertex 2.9 36.84904258380156 25.508022883151177
    endloop
  endfacet
  facet normal 5.5671602658028e-15 0.4226182617406994 -0.90630778703665
    outer loop
      vertex 3.075452812126013 36.878274651554705 25.521654020208175
      vertex 2.9 2.3564701084006776 9.423872188405431
      vertex 2.9 36.84904258380156 25.508022883151177
    endloop
  endfacet
  facet normal -8.8517290286885e-15 0.4226182617406994 -0.9063077870366499
    outer loop
      vertex 3.075452812126013 36.878274651554705 25.521654020208175
      vertex 3.364075916631802 36.920401146068386 25.541297927211126
      vertex 2.9 2.3564701084006776 9.423872188405431
    endloop
  endfacet
  facet normal 9.40359204911393e-16 0.42261826174069944 -0.90630778703665
    outer loop
      vertex 3.5767254637008956 36.949158069577294 25.554707500868307
      vertex 2.9 2.3564701084006776 9.423872188405431
      vertex 3.364075916631802 36.920401146068386 25.541297927211126
    endloop
  endfacet
  facet normal -9.082548210980781e-15 0.42261826174069955 -0.9063077870366499
    outer loop
      vertex 3.5767254637008956 36.949158069577294 25.554707500868307
      vertex 3.8114953843832975 36.9748715518255 25.566697894558477
      vertex 2.9 2.3564701084006776 9.423872188405431
    endloop
  endfacet
  facet normal 1.1880279650540759e-14 0.42261826174069905 -0.9063077870366502
    outer loop
      vertex 3.8114953843832975 36.9748715518255 25.566697894558477
      vertex 4.0660109797084445 36.997219562367256 25.57711894301863
      vertex 2.9 2.3564701084006776 9.423872188405431
    endloop
  endfacet
  facet normal 9.39718798416796e-15 0.42261826174069916 -0.90630778703665
    outer loop
      vertex 4.0660109797084445 36.997219562367256 25.57711894301863
      vertex 4.355696079575883 37.02217588636647 25.588756268018862
      vertex 2.9 2.3564701084006776 9.423872188405431
    endloop
  endfacet
  facet normal 2.563595193066792e-15 0.4226182617406992 -0.9063077870366499
    outer loop
      vertex 4.626094922914191 37.04076893020235 25.597426346747945
      vertex 2.9 2.3564701084006776 9.423872188405431
      vertex 4.355696079575883 37.02217588636647 25.588756268018862
    endloop
  endfacet
  facet normal 8.244957061399156e-15 0.4226182617406991 -0.9063077870366502
    outer loop
      vertex 4.626094922914191 37.04076893020235 25.597426346747945
      vertex 4.910895522244955 37.05549075238629 25.604291245174316
      vertex 2.9 2.3564701084006776 9.423872188405431
    endloop
  endfacet
  facet normal -2.1259501922923715e-15 0.42261826174069955 -0.9063077870366499
    outer loop
      vertex 4.910895522244955 37.05549075238629 25.604291245174316
      vertex 5.206936291158914 37.06614818157076 25.60926088601928
      vertex 2.9 2.3564701084006776 9.423872188405431
    endloop
  endfacet
  facet normal -8.630136190252604e-16 0.4226182617406995 -0.9063077870366499
    outer loop
      vertex 7.999999997019771 18 16.718569977434825
      vertex 5.98034112605924 0.8839220620171726 8.737211757375617
      vertex 6.108829676031382 37.08299792929647 25.617118052421752
    endloop
  endfacet
  facet normal -2.0329321446072165e-14 0.42261826174070055 -0.9063077870366494
    outer loop
      vertex 5.206936291158914 37.06614818157076 25.60926088601928
      vertex 5.497052572615079 37.07440201968619 25.613109713941668
      vertex 2.9 2.3564701084006776 9.423872188405431
    endloop
  endfacet
  facet normal 5.035995978356093e-15 0.42261826174069905 -0.9063077870366503
    outer loop
      vertex 5.800575517603581 37.08084174235639 25.61611260593918
      vertex 2.9 2.3564701084006776 9.423872188405431
      vertex 5.497052572615079 37.07440201968619 25.613109713941668
    endloop
  endfacet
  facet normal 3.319706737224434e-15 0.42261826174069905 -0.9063077870366502
    outer loop
      vertex 5.800575517603581 37.08084174235639 25.61611260593918
      vertex 6.108829676031382 37.08299792929647 25.617118052421752
      vertex 2.9 2.3564701084006776 9.423872188405431
    endloop
  endfacet
  facet normal 1 0 0
    outer loop
      vertex 2.9 43.54520366634962 21.11349736802303
      vertex 2.9 1.838442476854766 0
      vertex 2.9 45.09788850292885 20.088012305711196
    endloop
  endfacet
  facet normal 1 0 0
    outer loop
      vertex 2.9 43.54520366634962 21.11349736802303
      vertex 2.9 39.05277083508964 24.062557104676827
      vertex 2.9 1.838442476854766 0
    endloop
  endfacet
  facet normal 1 0 0
    outer loop
      vertex 2.9 45.09788850292885 20.088012305711196
      vertex 2.9 1.838442476854766 0
      vertex 2.9 51.13749135124988 16.090630918726966
    endloop
  endfacet
  facet normal 4.7246128938308216e-18 0.422618261740699 -0.90630778703665
    outer loop
      vertex 15.99999999701977 10 12.988108712194833
      vertex 64.36966607286881 0.7135679018745619 8.657774307902555
      vertex 7.530333927131202 0.7135679018745618 8.657774307902555
    endloop
  endfacet
  facet normal -1.9056088882026467e-15 0.42261826174069944 -0.90630778703665
    outer loop
      vertex 7.999999997019771 18 16.718569977434825
      vertex 6.108829676031382 37.08299792929647 25.617118052421752
      vertex 7.999999997019771 37.08299792929647 25.61711805242175
    endloop
  endfacet
  facet normal 1 0 0
    outer loop
      vertex 2.9 71.60242687969006 2.378715521226811
      vertex 2.9 60.26255007664305 10.00372368687143
      vertex 2.9 1.838442476854766 0
    endloop
  endfacet
  facet normal 1 0 0
    outer loop
      vertex 2.9 60.26255007664305 10.00372368687143
      vertex 2.9 52.19355850030129 15.387191702202628
      vertex 2.9 1.838442476854766 0
    endloop
  endfacet
  facet normal 1 0 0
    outer loop
      vertex 2.9 1.838442476854766 0
      vertex 2.9 72.16155752314523 0
      vertex 2.9 72.16155752314523 2
    endloop
  endfacet
  facet normal 1 0 0
    outer loop
      vertex 2.9 71.60242687969006 2.378715521226811
      vertex 2.9 1.838442476854766 0
      vertex 2.9 71.63407182298089 2.35740184741233
    endloop
  endfacet
  facet normal 1 0 0
    outer loop
      vertex 2.9 71.63407182298089 2.35740184741233
      vertex 2.9 1.838442476854766 0
      vertex 2.9 72.16155752314523 2
    endloop
  endfacet
  facet normal 1.2104707036569622e-16 0.42261826174069955 -0.9063077870366499
    outer loop
      vertex 15.99999999701977 10 12.988108712194833
      vertex 55.900000002980235 10 12.988108712194839
      vertex 64.36966607286881 0.7135679018745619 8.657774307902555
    endloop
  endfacet
  facet normal -1 0 0
    outer loop
      vertex 69.00000000000001 1.901357927225846 2.9527765048470553
      vertex 69.00000000000001 2.356470108400684 9.423872188405433
      vertex 69.00000000000001 1.885169534379577 2.71321017823733
    endloop
  endfacet
  facet normal -7.628072227066747e-15 0.4226182617406988 -0.9063077870366504
    outer loop
      vertex 62.955370117723945 14.228826105594635 14.960042710239394
      vertex 64.44666697188721 0.7173453620936645 8.659535766531098
      vertex 64.36966607286881 0.7135679018745619 8.657774307902555
    endloop
  endfacet
  facet normal -1.5579179894972902e-15 0.4226182617406992 -0.90630778703665
    outer loop
      vertex 62.955370117723945 14.228826105594635 14.960042710239394
      vertex 65.10899608959829 0.751536608083904 8.675479406378207
      vertex 64.44666697188721 0.7173453620936645 8.659535766531098
    endloop
  endfacet
  facet normal 1.053519893342173e-14 0.4226182617407008 -0.9063077870366494
    outer loop
      vertex 63.74628224670887 16.439277425408363 15.990793088647361
      vertex 65.18595894646276 0.762872844483499 8.680765580225994
      vertex 65.10899608959829 0.751536608083904 8.675479406378207
    endloop
  endfacet
  facet normal -1 0 0
    outer loop
      vertex 69.00000000000001 1.8384424768547738 0
      vertex 69.00000000000001 1.8384424768547738 2
      vertex 69.00000000000001 36.84904258380156 25.508022883151174
    endloop
  endfacet
  facet normal -1 0 0
    outer loop
      vertex 69.00000000000001 1.8384424768547738 2
      vertex 69.00000000000001 1.885169534379577 2.71321017823733
      vertex 69.00000000000001 36.84904258380156 25.508022883151174
    endloop
  endfacet
  facet normal -2.242298796787791e-15 0.42261826174069783 -0.9063077870366507
    outer loop
      vertex 55.900000002980235 10 12.988108712194839
      vertex 56.684137125313285 10.038522183895111 13.006071901553982
      vertex 64.36966607286881 0.7135679018745619 8.657774307902555
    endloop
  endfacet
  facet normal 2.4451864705731718e-15 0.42261826174070094 -0.9063077870366493
    outer loop
      vertex 56.684137125313285 10.038522183895111 13.006071901553982
      vertex 57.46072257757187 10.153717756271362 13.059788479138579
      vertex 64.36966607286881 0.7135679018745619 8.657774307902555
    endloop
  endfacet
  facet normal 3.3775859639104163e-17 0.4226182617406995 -0.9063077870366498
    outer loop
      vertex 57.46072257757187 10.153717756271362 13.059788479138579
      vertex 58.22227742224932 10.34447731077671 13.148741120270659
      vertex 64.36966607286881 0.7135679018745619 8.657774307902555
    endloop
  endfacet
  facet normal 2.3478470589474933e-15 0.4226182617407007 -0.9063077870366493
    outer loop
      vertex 58.22227742224932 10.34447731077671 13.148741120270659
      vertex 58.96146746426821 10.608963742852211 13.272073169025559
      vertex 64.36966607286881 0.7135679018745619 8.657774307902555
    endloop
  endfacet
  facet normal -3.5822462939035544e-15 0.42261826174069805 -0.9063077870366506
    outer loop
      vertex 58.96146746426821 10.608963742852211 13.272073169025559
      vertex 59.6711738973856 10.94462988525629 13.428596861811924
      vertex 64.36966607286881 0.7135679018745619 8.657774307902555
    endloop
  endfacet
  facet normal 1.4257918207415929e-15 0.4226182617407 -0.9063077870366497
    outer loop
      vertex 59.6711738973856 10.94462988525629 13.428596861811924
      vertex 60.344561864435676 11.348243102431297 13.616804795913207
      vertex 64.36966607286881 0.7135679018745619 8.657774307902555
    endloop
  endfacet
  facet normal 1.0586645776339122e-15 0.42261826174069983 -0.9063077870366497
    outer loop
      vertex 60.344561864435676 11.348243102431297 13.616804795913207
      vertex 60.975146275758746 11.815916374325752 13.834884424111998
      vertex 64.36966607286881 0.7135679018745619 8.657774307902555
    endloop
  endfacet
  facet normal -1.3056599648570669e-15 0.4226182617406993 -0.9063077870366499
    outer loop
      vertex 60.975146275758746 11.815916374325752 13.834884424111998
      vertex 61.556854252517226 12.343145750463009 14.080735519809082
      vertex 64.36966607286881 0.7135679018745619 8.657774307902555
    endloop
  endfacet
  facet normal -3.1275295748493464e-16 0.4226182617406995 -0.9063077870366499
    outer loop
      vertex 61.556854252517226 12.343145750463009 14.080735519809082
      vertex 62.08408362865448 12.924853727221489 14.35199040418141
      vertex 64.36966607286881 0.7135679018745619 8.657774307902555
    endloop
  endfacet
  facet normal 5.6350372059985045e-15 0.4226182617406997 -0.9063077870366499
    outer loop
      vertex 63.861477819085124 17.21586287766695 16.3529208322473
      vertex 65.84313570656678 0.8649880560049801 8.728382685372582
      vertex 65.18595894646276 0.762872844483499 8.680765580225994
    endloop
  endfacet
  facet normal -3.412626644618455e-15 0.42261826174069905 -0.9063077870366502
    outer loop
      vertex 62.08408362865448 12.924853727221489 14.35199040418141
      vertex 62.55175690054894 13.55543813854456 14.646036744294518
      vertex 64.36966607286881 0.7135679018745619 8.657774307902555
    endloop
  endfacet
  facet normal -1.6146541361676396e-16 0.4226182617406994 -0.90630778703665
    outer loop
      vertex 62.55175690054894 13.55543813854456 14.646036744294518
      vertex 62.955370117723945 14.228826105594635 14.960042710239394
      vertex 64.36966607286881 0.7135679018745619 8.657774307902555
    endloop
  endfacet
  facet normal -2.4820229783994758e-14 0.4226182617406961 -0.9063077870366515
    outer loop
      vertex 63.900000002980235 18 16.71856997743483
      vertex 65.91965887394076 0.8839220620171727 8.737211757375619
      vertex 65.84313570656678 0.8649880560049801 8.728382685372582
    endloop
  endfacet
  facet normal -1.511496695306067e-15 0.42261826174069933 -0.9063077870366499
    outer loop
      vertex 63.900000002980235 18 16.71856997743483
      vertex 66.56425263554763 1.0525658385325918 8.815851641864937
      vertex 65.91965887394076 0.8839220620171727 8.737211757375619
    endloop
  endfacet
  facet normal 2.3279533995441485e-15 0.42261826174069983 -0.9063077870366497
    outer loop
      vertex 62.955370117723945 14.228826105594635 14.960042710239394
      vertex 63.291036260128024 14.938532538712025 15.290984255043902
      vertex 65.10899608959829 0.751536608083904 8.675479406378207
    endloop
  endfacet
  facet normal 3.712297495824178e-15 0.42261826174069994 -0.9063077870366496
    outer loop
      vertex 63.291036260128024 14.938532538712025 15.290984255043902
      vertex 63.555522692203525 15.677722580730915 15.635674232469228
      vertex 65.10899608959829 0.751536608083904 8.675479406378207
    endloop
  endfacet
  facet normal -3.425866490983493e-15 0.42261826174069933 -0.9063077870366499
    outer loop
      vertex 63.555522692203525 15.677722580730915 15.635674232469228
      vertex 63.74628224670887 16.439277425408363 15.990793088647361
      vertex 65.10899608959829 0.751536608083904 8.675479406378207
    endloop
  endfacet
  facet normal -1.978511416361272e-14 0.42261826174069805 -0.9063077870366506
    outer loop
      vertex 63.74628224670887 16.439277425408363 15.990793088647361
      vertex 63.861477819085124 17.21586287766695 16.3529208322473
      vertex 65.18595894646276 0.762872844483499 8.680765580225994
    endloop
  endfacet
  facet normal 3.5417681010518946e-14 0.42261826174070266 -0.9063077870366485
    outer loop
      vertex 63.861477819085124 17.21586287766695 16.3529208322473
      vertex 63.900000002980235 18 16.71856997743483
      vertex 65.84313570656678 0.8649880560049801 8.728382685372582
    endloop
  endfacet
  facet normal 1.008570032950229e-14 0.42261826174070005 -0.9063077870366496
    outer loop
      vertex 66.56425263554763 1.0525658385325918 8.815851641864937
      vertex 63.900000002980235 37.08299792929647 25.617118052421752
      vertex 66.63990134027242 1.0791709155412113 8.82825779301986
    endloop
  endfacet
  facet normal 1.4160976845324487e-15 0.4226182617406996 -0.9063077870366499
    outer loop
      vertex 67.26469995151146 1.312034599448281 8.936843912131913
      vertex 66.63990134027242 1.0791709155412113 8.82825779301986
      vertex 63.900000002980235 37.08299792929647 25.617118052421752
    endloop
  endfacet
  facet normal 6.6720465462862786e-15 0.42261826174069994 -0.9063077870366498
    outer loop
      vertex 67.26469995151146 1.312034599448281 8.936843912131913
      vertex 63.900000002980235 37.08299792929647 25.617118052421752
      vertex 67.33898665677981 1.3464065018874836 8.95287179346467
    endloop
  endfacet
  facet normal 3.073106223728099e-16 0.4226182617406995 -0.90630778703665
    outer loop
      vertex 67.9371160387964 1.6403172854149555 9.089924642637866
      vertex 67.33898665677981 1.3464065018874836 8.95287179346467
      vertex 63.900000002980235 37.08299792929647 25.617118052421752
    endloop
  endfacet
  facet normal -1.002571917935374e-14 0.42261826174069844 -0.9063077870366504
    outer loop
      vertex 67.9371160387964 1.6403172854149555 9.089924642637866
      vertex 63.900000002980235 37.08299792929647 25.617118052421752
      vertex 68.0094840282496 1.6825578037213131 9.109621719808557
    endloop
  endfacet
  facet normal -1.8697114321166983e-16 0.42261826174069944 -0.90630778703665
    outer loop
      vertex 68.57451868359112 2.033546138927021 9.273290268438052
      vertex 68.0094840282496 1.6825578037213131 9.109621719808557
      vertex 63.900000002980235 37.08299792929647 25.617118052421752
    endloop
  endfacet
  facet normal 2.1485984537841363e-14 0.4226182617407018 -0.9063077870366489
    outer loop
      vertex 68.57451868359112 2.033546138927021 9.273290268438052
      vertex 63.900000002980235 37.08299792929647 25.617118052421752
      vertex 68.64432996674434 2.083743035982287 9.296697465950542
    endloop
  endfacet
  facet normal -1.3661839688228617e-15 0.4226182617406993 -0.90630778703665
    outer loop
      vertex 68.64432996674434 2.083743035982287 9.296697465950542
      vertex 63.900000002980235 37.08299792929647 25.617118052421752
      vertex 69.00000000000001 2.356470108400684 9.423872188405433
    endloop
  endfacet
  facet normal -1 0 0
    outer loop
      vertex 69.00000000000001 1.885169534379577 2.71321017823733
      vertex 69.00000000000001 2.356470108400684 9.423872188405433
      vertex 69.00000000000001 36.84904258380156 25.508022883151174
    endloop
  endfacet
  facet normal -6.031011893907147e-16 0.42261826174069944 -0.9063077870366499
    outer loop
      vertex 63.900000002980235 18 16.71856997743483
      vertex 63.900000002980235 37.08299792929647 25.617118052421752
      vertex 66.56425263554763 1.0525658385325918 8.815851641864937
    endloop
  endfacet
  facet normal 0 0.42261826174069944 -0.90630778703665
    outer loop
      vertex 65.79117032396861 37.08299792929647 25.617118052421752
      vertex 69.00000000000001 2.356470108400684 9.423872188405433
      vertex 63.900000002980235 37.08299792929647 25.617118052421752
    endloop
  endfacet
  facet normal 1.688094949120222e-14 0.4226182617407007 -0.9063077870366494
    outer loop
      vertex 65.79117032396861 37.08299792929647 25.617118052421752
      vertex 66.09942448239643 37.080841742356384 25.616112605939183
      vertex 69.00000000000001 2.356470108400684 9.423872188405433
    endloop
  endfacet
  facet normal -3.619536374422397e-14 0.4226182617406971 -0.9063077870366512
    outer loop
      vertex 66.09942448239643 37.080841742356384 25.616112605939183
      vertex 66.40294742738493 37.07440201968619 25.613109713941665
      vertex 69.00000000000001 2.356470108400684 9.423872188405433
    endloop
  endfacet
  facet normal -1.1647612359141535e-15 0.4226182617406993 -0.90630778703665
    outer loop
      vertex 66.40294742738493 37.07440201968619 25.613109713941665
      vertex 66.6930637088411 37.06614818157077 25.60926088601927
      vertex 69.00000000000001 2.356470108400684 9.423872188405433
    endloop
  endfacet
  facet normal 2.3188780586108682e-14 0.42261826174070055 -0.9063077870366494
    outer loop
      vertex 66.98910447775505 37.05549075238629 25.604291245174313
      vertex 69.00000000000001 2.356470108400684 9.423872188405433
      vertex 66.6930637088411 37.06614818157077 25.60926088601927
    endloop
  endfacet
  facet normal -1.8819137500442708e-14 0.42261826174069855 -0.9063077870366504
    outer loop
      vertex 66.98910447775505 37.05549075238629 25.604291245174313
      vertex 67.27390507708581 37.040768930202354 25.59742634674794
      vertex 69.00000000000001 2.356470108400684 9.423872188405433
    endloop
  endfacet
  facet normal 2.0524190230416448e-14 0.42261826174070016 -0.9063077870366497
    outer loop
      vertex 67.27390507708581 37.040768930202354 25.59742634674794
      vertex 67.54430392042413 37.02217588636647 25.588756268018862
      vertex 69.00000000000001 2.356470108400684 9.423872188405433
    endloop
  endfacet
  facet normal 1.760948948981211e-15 0.42261826174069955 -0.9063077870366499
    outer loop
      vertex 67.54430392042413 37.02217588636647 25.588756268018862
      vertex 67.83398902029157 36.997219562367256 25.577118943018633
      vertex 69.00000000000001 2.356470108400684 9.423872188405433
    endloop
  endfacet
  facet normal -1.1875460295056736e-14 0.4226182617406991 -0.9063077870366502
    outer loop
      vertex 68.08850461561671 36.9748715518255 25.56669789455848
      vertex 69.00000000000001 2.356470108400684 9.423872188405433
      vertex 67.83398902029157 36.997219562367256 25.577118943018633
    endloop
  endfacet
  facet normal 8.165052475668806e-15 0.42261826174069955 -0.9063077870366499
    outer loop
      vertex 68.08850461561671 36.9748715518255 25.56669789455848
      vertex 68.32327453629911 36.94915806957729 25.554707500868307
      vertex 69.00000000000001 2.356470108400684 9.423872188405433
    endloop
  endfacet
  facet normal -1.5086905243441684e-14 0.4226182617406992 -0.90630778703665
    outer loop
      vertex 68.32327453629911 36.94915806957729 25.554707500868307
      vertex 68.5359240833682 36.920401146068386 25.541297927211126
      vertex 69.00000000000001 2.356470108400684 9.423872188405433
    endloop
  endfacet
  facet normal 8.868361656949574e-15 0.4226182617406995 -0.90630778703665
    outer loop
      vertex 68.5359240833682 36.920401146068386 25.541297927211126
      vertex 68.82454718787399 36.878274651554705 25.521654020208175
      vertex 69.00000000000001 2.356470108400684 9.423872188405433
    endloop
  endfacet
  facet normal -2.391847684251035e-14 0.42261826174069933 -0.90630778703665
    outer loop
      vertex 68.82454718787399 36.878274651554705 25.521654020208175
      vertex 69.00000000000001 36.84904258380156 25.508022883151174
      vertex 69.00000000000001 2.356470108400684 9.423872188405433
    endloop
  endfacet
  facet normal -1 0 0
    outer loop
      vertex 69.00000000000001 1.8384424768547738 0
      vertex 69.00000000000001 36.84904258380156 25.508022883151174
      vertex 69.00000000000001 72.16155752314522 0
    endloop
  endfacet
  facet normal -1 0 0
    outer loop
      vertex 69.00000000000001 72.16155752314522 0
      vertex 69.00000000000001 37.04473278028962 25.38028348741266
      vertex 69.00000000000001 39.05277083508953 24.062557104676895
    endloop
  endfacet
  facet normal -1 0 0
    outer loop
      vertex 69.00000000000001 45.09788850292874 20.08801230571127
      vertex 69.00000000000001 72.16155752314522 0
      vertex 69.00000000000001 43.545203666349494 21.113497368023108
    endloop
  endfacet
  facet normal -1 0 0
    outer loop
      vertex 69.00000000000001 39.05277083508953 24.062557104676895
      vertex 69.00000000000001 43.545203666349494 21.113497368023108
      vertex 69.00000000000001 72.16155752314522 0
    endloop
  endfacet
  facet normal -1 0 0
    outer loop
      vertex 69.00000000000001 72.16155752314522 0
      vertex 69.00000000000001 36.84904258380156 25.508022883151174
      vertex 69.00000000000001 37.04473278028962 25.38028348741266
    endloop
  endfacet
  facet normal -1 0 0
    outer loop
      vertex 69.00000000000001 52.193558500301165 15.387191702202712
      vertex 69.00000000000001 72.16155752314522 0
      vertex 69.00000000000001 51.137491351249736 16.090630918727058
    endloop
  endfacet
  facet normal -1 0 0
    outer loop
      vertex 69.00000000000001 72.16155752314522 0
      vertex 69.00000000000001 52.193558500301165 15.387191702202712
      vertex 69.00000000000001 60.262550076642896 10.003723686871535
    endloop
  endfacet
  facet normal -1 0 0
    outer loop
      vertex 69.00000000000001 72.16155752314522 0
      vertex 69.00000000000001 71.60242687968986 2.3787155212269395
      vertex 69.00000000000001 71.6340718229807 2.3574018474124516
    endloop
  endfacet
  facet normal -1 0 0
    outer loop
      vertex 69.00000000000001 72.16155752314522 0
      vertex 69.00000000000001 71.6340718229807 2.3574018474124516
      vertex 69.00000000000001 72.16155752314522 2
    endloop
  endfacet
  facet normal -1 0 0
    outer loop
      vertex 69.00000000000001 72.16155752314522 0
      vertex 69.00000000000001 60.262550076642896 10.003723686871535
      vertex 69.00000000000001 71.60242687968986 2.3787155212269395
    endloop
  endfacet
  facet normal -1 0 0
    outer loop
      vertex 69.00000000000001 51.137491351249736 16.090630918727058
      vertex 69.00000000000001 72.16155752314522 0
      vertex 69.00000000000001 45.09788850292874 20.08801230571127
    endloop
  endfacet
  facet normal 0.9039892939524538 0.4275550916774866 0
    outer loop
      vertex 8.608963739871982 14.938532538712025 15.290984255043902
      vertex 8.608963739871982 14.938532538712025 39.697124457150935
      vertex 8.944629882276061 14.228826105594635 14.960042710239396
    endloop
  endfacet
  facet normal 0.9700312542623905 0.2429801756401818 0
    outer loop
      vertex 8.344477307796481 15.677722580730915 15.635674232469228
      vertex 8.153717753291133 16.439277425408363 15.990793088647361
      vertex 8.153717753291133 16.439277425408363 38.823639623371015
    endloop
  endfacet
  facet normal 0.9415440627982695 0.3368898600571533 0
    outer loop
      vertex 8.344477307796481 15.677722580730915 15.635674232469228
      vertex 8.344477307796481 15.677722580730915 39.31083331899382
      vertex 8.608963739871982 14.938532538712025 15.290984255043902
    endloop
  endfacet
  facet normal 0.9891765095196828 0.14673047745596912 0
    outer loop
      vertex 8.038522180914882 17.21586287766695 16.352920832247303
      vertex 8.038522180914882 17.21586287766695 38.32683031397319
      vertex 8.153717753291133 16.439277425408363 15.990793088647361
    endloop
  endfacet
  facet normal 0.9987954563744935 0.04906767088080504 0
    outer loop
      vertex 8.038522180914882 17.21586287766695 16.352920832247303
      vertex 7.999999997019771 18 16.718569977434825
      vertex 7.999999997019771 18 37.82518993288379
    endloop
  endfacet
  facet normal 0.9039892939524538 0.4275550916774866 0
    outer loop
      vertex 8.944629882276061 14.228826105594635 14.960042710239396
      vertex 8.608963739871982 14.938532538712025 39.697124457150935
      vertex 8.944629882276061 14.228826105594635 40.028066001955445
    endloop
  endfacet
  facet normal 0.9415440627982696 0.3368898600571531 0
    outer loop
      vertex 8.608963739871982 14.938532538712025 15.290984255043902
      vertex 8.43030626429236 15.437846722219899 39.4642904295558
      vertex 8.608963739871982 14.938532538712025 39.697124457150935
    endloop
  endfacet
  facet normal 0.9700312542623903 0.2429801756401818 0
    outer loop
      vertex 8.344477307796481 15.677722580730915 15.635674232469228
      vertex 8.153717753291133 16.439277425408363 38.823639623371015
      vertex 8.344477307796481 15.677722580730915 39.31083331899382
    endloop
  endfacet
  facet normal 0.9415440627982693 0.3368898600571538 -1.630564076901803e-17
    outer loop
      vertex 8.608963739871982 14.938532538712025 15.290984255043902
      vertex 8.344477307796481 15.677722580730915 39.31083331899382
      vertex 8.43030626429236 15.437846722219899 39.4642904295558
    endloop
  endfacet
  facet normal 0.9891765095196828 0.14673047745596912 0
    outer loop
      vertex 8.153717753291133 16.439277425408363 15.990793088647361
      vertex 8.038522180914882 17.21586287766695 38.32683031397319
      vertex 8.153717753291133 16.439277425408363 38.823639623371015
    endloop
  endfacet
  facet normal 0.9987954563744936 0.04906767088080504 0
    outer loop
      vertex 8.038522180914882 17.21586287766695 16.352920832247303
      vertex 7.999999997019771 18 37.82518993288379
      vertex 8.038522180914882 17.21586287766695 38.32683031397319
    endloop
  endfacet
  facet normal 0.5956993034784503 0.8032075322326659 0
    outer loop
      vertex 10.92485372424126 11.815916374325752 13.834884424111998
      vertex 10.92485372424126 11.815916374325752 41.153224288082846
      vertex 11.55543813556433 11.348243102431297 13.616804795913204
    endloop
  endfacet
  facet normal 0.7409511264917886 0.6715589535927202 0
    outer loop
      vertex 9.815916371345523 12.924853727221489 14.35199040418141
      vertex 9.815916371345523 12.924853727221489 40.63611830801343
      vertex 10.34314574748278 12.343145750463009 14.080735519809082
    endloop
  endfacet
  facet normal 0.8032075322326659 0.5956993034784505 0
    outer loop
      vertex 9.348243099451068 13.55543813854456 14.64603674429452
      vertex 9.348243099451068 13.55543813854456 40.34207196790032
      vertex 9.815916371345523 12.924853727221489 14.35199040418141
    endloop
  endfacet
  facet normal 0.8577286087049234 0.5141027463543802 0
    outer loop
      vertex 9.348243099451068 13.55543813854456 14.64603674429452
      vertex 8.944629882276061 14.228826105594635 14.960042710239396
      vertex 8.944629882276061 14.228826105594635 40.028066001955445
    endloop
  endfacet
  facet normal 0.6715589535927202 0.7409511264917887 0
    outer loop
      vertex 10.34314574748278 12.343145750463009 14.080735519809082
      vertex 10.34314574748278 12.343145750463009 40.90737319238576
      vertex 10.92485372424126 11.815916374325752 13.834884424111998
    endloop
  endfacet
  facet normal 0.5141027463543802 0.8577286087049236 0
    outer loop
      vertex 11.55543813556433 11.348243102431297 13.616804795913204
      vertex 11.55543813556433 11.348243102431297 41.37130391628163
      vertex 12.228826102614406 10.94462988525629 13.428596861811926
    endloop
  endfacet
  facet normal 0.3368898600571533 0.9415440627982694 0
    outer loop
      vertex 12.938532535731795 10.608963742852211 13.27207316902556
      vertex 12.938532535731795 10.608963742852211 41.71603554316928
      vertex 13.677722577750686 10.34447731077671 13.148741120270657
    endloop
  endfacet
  facet normal 0.4275550916774867 0.9039892939524539 0
    outer loop
      vertex 12.228826102614406 10.94462988525629 13.428596861811926
      vertex 12.228826102614406 10.94462988525629 41.55951185038292
      vertex 12.938532535731795 10.608963742852211 13.27207316902556
    endloop
  endfacet
  facet normal 0.2429801756401818 0.9700312542623905 0
    outer loop
      vertex 13.677722577750686 10.34447731077671 13.148741120270657
      vertex 13.677722577750686 10.34447731077671 41.83936759192418
      vertex 14.439277422428134 10.153717756271362 13.059788479138579
    endloop
  endfacet
  facet normal 0.14673047745596915 0.989176509519683 0
    outer loop
      vertex 14.439277422428134 10.153717756271362 13.059788479138579
      vertex 14.439277422428134 10.153717756271362 41.92832023305626
      vertex 15.21586287468672 10.038522183895111 13.006071901553984
    endloop
  endfacet
  facet normal 0.049067670880805034 0.9987954563744936 0
    outer loop
      vertex 15.21586287468672 10.038522183895111 13.006071901553984
      vertex 15.21586287468672 10.038522183895111 41.98203681064086
      vertex 15.99999999701977 10 12.988108712194833
    endloop
  endfacet
  facet normal 0.8577286087049235 0.5141027463543802 0
    outer loop
      vertex 9.348243099451068 13.55543813854456 14.64603674429452
      vertex 8.944629882276061 14.228826105594635 40.028066001955445
      vertex 9.348243099451068 13.55543813854456 40.34207196790032
    endloop
  endfacet
  facet normal 0.8032075322326659 0.5956993034784505 0
    outer loop
      vertex 9.815916371345523 12.924853727221489 14.35199040418141
      vertex 9.348243099451068 13.55543813854456 40.34207196790032
      vertex 9.815916371345523 12.924853727221489 40.63611830801343
    endloop
  endfacet
  facet normal 0.7409511264917887 0.6715589535927202 0
    outer loop
      vertex 10.34314574748278 12.343145750463009 14.080735519809082
      vertex 9.815916371345523 12.924853727221489 40.63611830801343
      vertex 10.34314574748278 12.343145750463009 40.90737319238576
    endloop
  endfacet
  facet normal 0.6715589535927202 0.7409511264917886 0
    outer loop
      vertex 10.92485372424126 11.815916374325752 13.834884424111998
      vertex 10.34314574748278 12.343145750463009 40.90737319238576
      vertex 10.92485372424126 11.815916374325752 41.153224288082846
    endloop
  endfacet
  facet normal 0.5956993034784503 0.8032075322326659 0
    outer loop
      vertex 11.55543813556433 11.348243102431297 13.616804795913204
      vertex 10.92485372424126 11.815916374325752 41.153224288082846
      vertex 11.55543813556433 11.348243102431297 41.37130391628163
    endloop
  endfacet
  facet normal 0.5141027463543802 0.8577286087049235 0
    outer loop
      vertex 12.228826102614406 10.94462988525629 13.428596861811926
      vertex 11.55543813556433 11.348243102431297 41.37130391628163
      vertex 12.228826102614406 10.94462988525629 41.55951185038292
    endloop
  endfacet
  facet normal 0.4275550916774867 0.9039892939524539 0
    outer loop
      vertex 12.938532535731795 10.608963742852211 13.27207316902556
      vertex 12.228826102614406 10.94462988525629 41.55951185038292
      vertex 12.938532535731795 10.608963742852211 41.71603554316928
    endloop
  endfacet
  facet normal 0.3368898600571533 0.9415440627982694 0
    outer loop
      vertex 13.677722577750686 10.34447731077671 13.148741120270657
      vertex 12.938532535731795 10.608963742852211 41.71603554316928
      vertex 13.677722577750686 10.34447731077671 41.83936759192418
    endloop
  endfacet
  facet normal 0.24298017564018182 0.9700312542623905 0
    outer loop
      vertex 14.439277422428134 10.153717756271362 13.059788479138579
      vertex 13.677722577750686 10.34447731077671 41.83936759192418
      vertex 14.439277422428134 10.153717756271362 41.92832023305626
    endloop
  endfacet
  facet normal 0.14673047745596915 0.989176509519683 0
    outer loop
      vertex 15.21586287468672 10.038522183895111 13.006071901553984
      vertex 14.439277422428134 10.153717756271362 41.92832023305626
      vertex 15.21586287468672 10.038522183895111 41.98203681064086
    endloop
  endfacet
  facet normal 0.049067670880805034 0.9987954563744936 0
    outer loop
      vertex 15.99999999701977 10 12.988108712194833
      vertex 15.21586287468672 10.038522183895111 41.98203681064086
      vertex 15.99999999701977 10 42.00000000000001
    endloop
  endfacet
  facet normal 1 0 0
    outer loop
      vertex 7.999999997019771 18 16.718569977434825
      vertex 7.999999997019771 37.08299792929647 25.61711805242175
      vertex 7.999999997019771 18 37.82518993288379
    endloop
  endfacet
  facet normal 0 1 0
    outer loop
      vertex 15.99999999701977 10 12.988108712194833
      vertex 15.99999999701977 10 42.00000000000001
      vertex 55.900000002980235 10 12.988108712194839
    endloop
  endfacet
  facet normal 0 1 0
    outer loop
      vertex 55.900000002980235 10 12.988108712194839
      vertex 15.99999999701977 10 42.00000000000001
      vertex 55.900000002980235 10 42
    endloop
  endfacet
  facet normal -0.04906767088080503 0.9987954563744935 0
    outer loop
      vertex 55.900000002980235 10 12.988108712194839
      vertex 55.900000002980235 10 42
      vertex 56.684137125313285 10.038522183895111 13.006071901553982
    endloop
  endfacet
  facet normal -0.14673047745596912 0.989176509519683 0
    outer loop
      vertex 56.684137125313285 10.038522183895111 13.006071901553982
      vertex 56.684137125313285 10.038522183895111 41.98203681064086
      vertex 57.46072257757187 10.153717756271362 13.059788479138579
    endloop
  endfacet
  facet normal -0.24298017564018182 0.9700312542623905 0
    outer loop
      vertex 57.46072257757187 10.153717756271362 13.059788479138579
      vertex 57.46072257757187 10.153717756271362 41.92832023305627
      vertex 58.22227742224932 10.34447731077671 13.148741120270659
    endloop
  endfacet
  facet normal -0.3368898600571533 0.9415440627982694 0
    outer loop
      vertex 58.22227742224932 10.34447731077671 13.148741120270659
      vertex 58.22227742224932 10.34447731077671 41.83936759192419
      vertex 58.96146746426821 10.608963742852211 13.272073169025559
    endloop
  endfacet
  facet normal -0.4275550916774867 0.9039892939524539 0
    outer loop
      vertex 58.96146746426821 10.608963742852211 13.272073169025559
      vertex 58.96146746426821 10.608963742852211 41.71603554316928
      vertex 59.6711738973856 10.94462988525629 13.428596861811924
    endloop
  endfacet
  facet normal -0.5141027463543802 0.8577286087049235 0
    outer loop
      vertex 59.6711738973856 10.94462988525629 13.428596861811924
      vertex 59.6711738973856 10.94462988525629 41.55951185038291
      vertex 60.344561864435676 11.348243102431297 13.616804795913207
    endloop
  endfacet
  facet normal -0.5956993034784503 0.8032075322326658 0
    outer loop
      vertex 60.344561864435676 11.348243102431297 13.616804795913207
      vertex 60.344561864435676 11.348243102431297 41.37130391628163
      vertex 60.975146275758746 11.815916374325752 13.834884424111998
    endloop
  endfacet
  facet normal -0.6715589535927202 0.7409511264917886 0
    outer loop
      vertex 60.975146275758746 11.815916374325752 13.834884424111998
      vertex 60.975146275758746 11.815916374325752 41.153224288082846
      vertex 61.556854252517226 12.343145750463009 14.080735519809082
    endloop
  endfacet
  facet normal -0.7409511264917887 0.6715589535927202 0
    outer loop
      vertex 61.556854252517226 12.343145750463009 14.080735519809082
      vertex 61.556854252517226 12.343145750463009 40.90737319238576
      vertex 62.08408362865448 12.924853727221489 14.35199040418141
    endloop
  endfacet
  facet normal -0.8032075322326659 0.5956993034784505 0
    outer loop
      vertex 62.08408362865448 12.924853727221489 14.35199040418141
      vertex 62.08408362865448 12.924853727221489 40.63611830801343
      vertex 62.55175690054894 13.55543813854456 14.646036744294518
    endloop
  endfacet
  facet normal -0.8577286087049235 0.5141027463543802 0
    outer loop
      vertex 62.55175690054894 13.55543813854456 14.646036744294518
      vertex 62.55175690054894 13.55543813854456 40.342071967900324
      vertex 62.955370117723945 14.228826105594635 14.960042710239394
    endloop
  endfacet
  facet normal -0.049067670880805034 0.9987954563744936 0
    outer loop
      vertex 56.684137125313285 10.038522183895111 13.006071901553982
      vertex 55.900000002980235 10 42
      vertex 56.684137125313285 10.038522183895111 41.98203681064086
    endloop
  endfacet
  facet normal -0.14673047745596915 0.989176509519683 0
    outer loop
      vertex 57.46072257757187 10.153717756271362 13.059788479138579
      vertex 56.684137125313285 10.038522183895111 41.98203681064086
      vertex 57.46072257757187 10.153717756271362 41.92832023305627
    endloop
  endfacet
  facet normal -0.24298017564018184 0.9700312542623905 0
    outer loop
      vertex 58.22227742224932 10.34447731077671 13.148741120270659
      vertex 57.46072257757187 10.153717756271362 41.92832023305627
      vertex 58.22227742224932 10.34447731077671 41.83936759192419
    endloop
  endfacet
  facet normal -0.3368898600571533 0.9415440627982694 0
    outer loop
      vertex 58.96146746426821 10.608963742852211 13.272073169025559
      vertex 58.22227742224932 10.34447731077671 41.83936759192419
      vertex 58.96146746426821 10.608963742852211 41.71603554316928
    endloop
  endfacet
  facet normal -0.4275550916774867 0.9039892939524539 0
    outer loop
      vertex 59.6711738973856 10.94462988525629 13.428596861811924
      vertex 58.96146746426821 10.608963742852211 41.71603554316928
      vertex 59.6711738973856 10.94462988525629 41.55951185038291
    endloop
  endfacet
  facet normal -0.5141027463543802 0.8577286087049234 0
    outer loop
      vertex 60.344561864435676 11.348243102431297 13.616804795913207
      vertex 59.6711738973856 10.94462988525629 41.55951185038291
      vertex 60.344561864435676 11.348243102431297 41.37130391628163
    endloop
  endfacet
  facet normal -0.5956993034784503 0.8032075322326659 0
    outer loop
      vertex 60.975146275758746 11.815916374325752 13.834884424111998
      vertex 60.344561864435676 11.348243102431297 41.37130391628163
      vertex 60.975146275758746 11.815916374325752 41.153224288082846
    endloop
  endfacet
  facet normal -0.7409511264917886 0.6715589535927202 0
    outer loop
      vertex 62.08408362865448 12.924853727221489 14.35199040418141
      vertex 61.556854252517226 12.343145750463009 40.90737319238576
      vertex 62.08408362865448 12.924853727221489 40.63611830801343
    endloop
  endfacet
  facet normal -0.803207532232666 0.5956993034784503 0
    outer loop
      vertex 62.55175690054894 13.55543813854456 14.646036744294518
      vertex 62.08408362865448 12.924853727221489 40.63611830801343
      vertex 62.55175690054894 13.55543813854456 40.342071967900324
    endloop
  endfacet
  facet normal -0.8577286087049234 0.5141027463543802 0
    outer loop
      vertex 62.955370117723945 14.228826105594635 14.960042710239394
      vertex 62.55175690054894 13.55543813854456 40.342071967900324
      vertex 62.955370117723945 14.228826105594635 40.028066001955445
    endloop
  endfacet
  facet normal -0.6715589535927202 0.7409511264917887 0
    outer loop
      vertex 61.556854252517226 12.343145750463009 14.080735519809082
      vertex 60.975146275758746 11.815916374325752 41.153224288082846
      vertex 61.556854252517226 12.343145750463009 40.90737319238576
    endloop
  endfacet
  facet normal -0.9039892939524538 0.4275550916774867 0
    outer loop
      vertex 62.955370117723945 14.228826105594635 14.960042710239394
      vertex 62.955370117723945 14.228826105594635 40.028066001955445
      vertex 63.291036260128024 14.938532538712025 15.290984255043902
    endloop
  endfacet
  facet normal -0.9415440627982695 0.3368898600571533 0
    outer loop
      vertex 63.291036260128024 14.938532538712025 15.290984255043902
      vertex 63.291036260128024 14.938532538712025 39.697124457150935
      vertex 63.555522692203525 15.677722580730915 15.635674232469228
    endloop
  endfacet
  facet normal -0.9700312542623903 0.2429801756401818 0
    outer loop
      vertex 63.555522692203525 15.677722580730915 15.635674232469228
      vertex 63.555522692203525 15.677722580730915 39.31083331899382
      vertex 63.74628224670887 16.439277425408363 15.990793088647361
    endloop
  endfacet
  facet normal -0.9891765095196828 0.14673047745596912 0
    outer loop
      vertex 63.74628224670887 16.439277425408363 15.990793088647361
      vertex 63.74628224670887 16.439277425408363 38.823639623371015
      vertex 63.861477819085124 17.21586287766695 16.3529208322473
    endloop
  endfacet
  facet normal -0.9987954563744936 0.049067670880805034 0
    outer loop
      vertex 63.861477819085124 17.21586287766695 16.3529208322473
      vertex 63.861477819085124 17.21586287766695 38.32683031397319
      vertex 63.900000002980235 18 16.71856997743483
    endloop
  endfacet
  facet normal -0.9039892939524538 0.4275550916774866 0
    outer loop
      vertex 63.291036260128024 14.938532538712025 15.290984255043902
      vertex 62.955370117723945 14.228826105594635 40.028066001955445
      vertex 63.291036260128024 14.938532538712025 39.697124457150935
    endloop
  endfacet
  facet normal -0.9415440627982707 0.3368898600571501 -1.1291237355951308e-16
    outer loop
      vertex 63.555522692203525 15.677722580730915 15.635674232469228
      vertex 63.291036260128024 14.938532538712025 39.697124457150935
      vertex 63.469693735707644 15.437846722219899 39.4642904295558
    endloop
  endfacet
  facet normal -0.9415440627982672 0.33688986005716 0
    outer loop
      vertex 63.555522692203525 15.677722580730915 15.635674232469228
      vertex 63.469693735707644 15.437846722219899 39.4642904295558
      vertex 63.555522692203525 15.677722580730915 39.31083331899382
    endloop
  endfacet
  facet normal -0.9700312542623905 0.24298017564018184 0
    outer loop
      vertex 63.74628224670887 16.439277425408363 15.990793088647361
      vertex 63.555522692203525 15.677722580730915 39.31083331899382
      vertex 63.74628224670887 16.439277425408363 38.823639623371015
    endloop
  endfacet
  facet normal -0.9891765095196831 0.14673047745596915 0
    outer loop
      vertex 63.861477819085124 17.21586287766695 16.3529208322473
      vertex 63.74628224670887 16.439277425408363 38.823639623371015
      vertex 63.861477819085124 17.21586287766695 38.32683031397319
    endloop
  endfacet
  facet normal -0.9987954563744935 0.049067670880805034 0
    outer loop
      vertex 63.900000002980235 18 16.71856997743483
      vertex 63.861477819085124 17.21586287766695 38.32683031397319
      vertex 63.900000002980235 18 37.82518993288379
    endloop
  endfacet
  facet normal -1 0 0
    outer loop
      vertex 63.900000002980235 18 16.71856997743483
      vertex 63.900000002980235 18 37.82518993288379
      vertex 63.900000002980235 37.08299792929647 25.617118052421752
    endloop
  endfacet
endsolid OpenSCAD_Model
